Day,Pm,BW29,Oo,Gm,BW37,BW58,ice_conc,ice_thickness,Site
3/5/2014,0,0,0,0,0,0,0,0,EI
3/6/2014,0,0,0,0,0,0,0,0,EI
3/7/2014,0,0,0,0,0,0,0,0,EI
3/8/2014,0,0,0,0,1,0,0,0,EI
3/9/2014,0,1,0,0,1,0,0,0,EI
3/10/2014,0,0,0,0,1,0,0,0,EI
3/11/2014,0,0,0,0,0,0,0,0,EI
3/12/2014,0,0,0,0,1,0,0,0,EI
3/13/2014,0,0,0,0,0,0,0,0,EI
3/14/2014,0,1,0,0,0,0,0,0,EI
3/15/2014,0,1,0,0,0,0,0,0,EI
3/16/2014,0,0,0,0,0,0,0,0,EI
3/17/2014,0,0,0,0,1,0,0,0,EI
3/18/2014,0,0,0,0,0,0,0,0,EI
3/19/2014,0,0,0,0,1,1,0,0,EI
3/20/2014,0,0,0,0,0,0,0,0,EI
3/21/2014,0,0,0,0,1,0,0,0,EI
3/22/2014,0,0,0,0,1,0,0,0,EI
3/23/2014,0,0,0,0,0,0,0,0,EI
3/24/2014,0,0,1,0,0,0,0,0,EI
3/25/2014,0,1,0,0,0,0,0,0,EI
3/26/2014,0,0,0,0,0,0,0,0,EI
3/27/2014,0,1,0,0,0,0,0,0,EI
3/28/2014,0,0,0,0,0,0,0,0,EI
3/29/2014,0,1,0,0,1,0,0,0,EI
3/30/2014,0,1,0,0,0,0,0,0,EI
3/31/2014,0,0,0,0,0,0,0,0,EI
4/1/2014,0,0,0,0,0,0,0,0,EI
4/2/2014,0,0,0,0,0,0,0,0,EI
4/3/2014,0,1,0,0,0,0,0,0,EI
4/4/2014,0,0,0,0,0,0,0,0,EI
4/5/2014,0,0,0,0,0,0,0,0,EI
4/6/2014,0,0,0,0,0,0,0,0,EI
4/7/2014,0,0,0,0,0,0,0,0,EI
4/8/2014,0,1,0,0,0,0,0,0,EI
4/9/2014,0,0,0,0,0,0,0,0,EI
4/10/2014,0,1,0,0,0,0,0,0,EI
4/11/2014,0,0,0,0,0,0,0,0,EI
4/12/2014,0,0,0,0,0,0,0,0,EI
4/13/2014,1,0,0,0,0,0,0,0,EI
4/14/2014,0,0,0,0,0,0,0,0,EI
4/15/2014,0,0,0,1,0,0,0,0,EI
4/16/2014,0,0,0,0,0,0,0,0,EI
4/17/2014,0,0,0,1,0,0,0,0,EI
4/18/2014,0,0,0,0,0,0,0,0,EI
4/19/2014,0,1,0,0,1,0,0,0,EI
4/20/2014,0,1,0,1,0,0,0,0,EI
4/21/2014,0,1,0,0,0,0,0,0,EI
4/22/2014,0,1,0,0,0,0,0,0,EI
4/23/2014,1,1,0,0,0,0,0,0,EI
4/24/2014,1,1,0,0,1,0,0,0,EI
4/25/2014,1,0,0,0,0,0,0,0,EI
4/26/2014,1,0,0,0,0,0,0,0,EI
4/27/2014,1,0,0,0,0,0,0,0,EI
4/28/2014,1,1,0,0,0,0,0,0,EI
4/29/2014,1,1,0,0,0,0,0,0,EI
4/30/2014,1,0,0,0,0,0,0,0,EI
5/1/2014,1,1,0,0,0,0,0,0,EI
5/2/2014,1,0,0,0,0,0,0,0,EI
5/3/2014,1,1,0,0,0,0,0,0,EI
5/4/2014,1,0,0,0,0,0,0,0,EI
5/5/2014,1,0,0,1,0,0,0,0,EI
5/6/2014,1,0,0,0,0,0,0,0,EI
5/7/2014,1,0,0,0,0,0,0,0,EI
5/8/2014,1,0,0,1,1,0,0,0,EI
5/9/2014,1,0,0,0,1,0,0,0,EI
5/10/2014,1,0,0,0,0,0,0,0,EI
5/11/2014,1,0,0,0,1,0,0,0,EI
5/12/2014,1,0,0,1,1,0,0,0,EI
5/13/2014,1,0,0,0,1,0,0,0,EI
5/14/2014,1,0,0,0,1,0,0.000671407,0.001559835,EI
5/15/2014,1,0,0,0,1,0,0.003623788,0.01356821,EI
5/16/2014,1,0,1,0,1,0,0.004790316,0.024878035,EI
5/17/2014,1,1,0,0,0,0,9.54E-05,0,EI
5/18/2014,1,0,0,0,0,0,0,0,EI
5/19/2014,1,1,0,1,1,0,0,0,EI
5/20/2014,1,0,0,1,0,0,0,0,EI
5/21/2014,1,0,0,1,0,0,0.000456188,0.001247762,EI
5/22/2014,0,1,0,1,1,0,0.003742605,0.016937773,EI
5/23/2014,1,0,0,0,0,0,0.009641124,0.071958286,EI
5/24/2014,1,0,0,1,0,0,0.015173966,0.152516251,EI
5/25/2014,1,1,0,1,1,0,0.010975247,0.080662425,EI
5/26/2014,1,0,0,1,0,0,0.00042302,0.001119012,EI
5/27/2014,1,0,0,0,0,0,0.053303848,0.085233835,EI
5/28/2014,1,0,0,1,0,0,0.017627756,0.043953289,EI
5/29/2014,1,1,0,0,0,0,0.00451955,0.014777383,EI
5/30/2014,1,0,0,0,1,0,0.002432954,0.011417513,EI
5/31/2014,1,1,0,0,1,0,0.016199061,0.214970201,EI
6/1/2014,1,0,0,0,0,0,0.022475792,0.293380971,EI
6/2/2014,1,0,0,0,0,0,0.024291643,0.247483312,EI
6/3/2014,1,1,0,0,0,0,0.03362404,0.282356158,EI
6/4/2014,0,0,0,0,0,0,0.041704088,0.341022543,EI
6/5/2014,1,0,0,1,0,0,0.030998631,0.257205637,EI
6/6/2014,1,1,0,0,0,0,0.015026127,0.106820434,EI
6/7/2014,1,0,0,0,1,0,0.037777939,0.097240139,EI
6/8/2014,1,0,0,0,0,0,0.03521727,0.22644734,EI
6/9/2014,0,1,0,0,0,0,0.070833188,0.438954261,EI
6/10/2014,1,1,0,0,0,0,0.091821194,0.425606962,EI
6/11/2014,1,1,0,1,0,0,0.085083969,0.363295603,EI
6/12/2014,1,0,0,0,0,0,0.075677568,0.342108645,EI
6/13/2014,0,0,0,0,0,0,0.061054731,0.34500085,EI
6/14/2014,0,0,0,0,0,0,0.078338289,0.45642611,EI
6/15/2014,0,0,0,0,0,0,0.116171159,0.476737266,EI
6/16/2014,1,0,0,0,0,0,0.095165977,0.369323012,EI
6/17/2014,0,0,0,1,0,0,0.043610385,0.193052179,EI
6/18/2014,1,0,0,1,0,0,0.030196617,0.136759678,EI
6/19/2014,1,1,0,1,0,0,0.028527731,0.100747999,EI
6/20/2014,0,1,0,1,0,0,0.007929872,0.014534714,EI
6/21/2014,1,1,0,1,0,0,0.015813765,0.153235615,EI
6/22/2014,0,1,0,1,0,0,0.031882033,0.268535635,EI
6/23/2014,0,1,0,1,0,0,0.013498152,0.055033927,EI
6/24/2014,0,1,1,1,0,0,0.005346763,0.011584987,EI
6/25/2014,0,1,0,1,0,0,0.009506222,0.088480202,EI
6/26/2014,0,1,0,1,0,0,0.007768576,0.064851832,EI
6/27/2014,1,1,0,1,0,0,0.026915963,0.319065566,EI
6/28/2014,1,1,0,1,0,0,0.034480193,0.306035253,EI
6/29/2014,0,1,0,1,0,0,0.023197882,0.192604493,EI
6/30/2014,1,1,0,1,0,0,0.033291879,0.30960483,EI
7/1/2014,1,1,0,1,0,0,0.010055849,0.083569851,EI
7/2/2014,1,1,0,1,0,0,0.003504393,0.010157876,EI
7/3/2014,1,1,0,1,0,0,0,0,EI
7/4/2014,1,1,0,1,0,0,0.005827945,0.03030597,EI
7/5/2014,1,1,0,1,0,0,0.011693221,0.130690067,EI
7/6/2014,1,1,0,1,0,0,0.00524797,0.024900329,EI
7/7/2014,0,1,0,1,1,0,0.025540995,0.267690927,EI
7/8/2014,0,0,0,1,0,0,0.087446974,0.435351987,EI
7/9/2014,1,0,0,1,0,0,0.149789477,0.463379967,EI
7/10/2014,0,1,0,1,0,0,0.152470473,0.454169916,EI
7/11/2014,0,1,0,1,0,0,0.186078709,0.46352711,EI
7/12/2014,1,1,0,1,0,0,0.170522444,0.430087543,EI
7/13/2014,1,1,0,1,0,0,0.105438387,0.288032356,EI
7/14/2014,0,1,0,1,1,0,0.032135173,0.100471293,EI
7/15/2014,1,1,0,1,0,0,0.021606287,0.246927439,EI
7/16/2014,0,0,0,1,0,0,0.061001051,0.458355313,EI
7/17/2014,0,1,0,1,1,0,0.081626931,0.468546315,EI
2/10/2015,0,0,0,0,0,0,0,0,KGI
2/11/2015,0,0,0,0,0,0,0,0,KGI
2/12/2015,0,0,0,1,1,0,0,0,KGI
2/13/2015,0,0,0,0,0,0,0,0,KGI
2/14/2015,0,0,0,0,0,0,0,0,KGI
2/15/2015,0,0,0,0,1,0,0,0,KGI
2/16/2015,0,0,0,0,0,0,0,0,KGI
2/17/2015,0,0,0,0,0,0,0,0,KGI
2/18/2015,0,0,0,0,0,0,0,0,KGI
2/19/2015,0,0,0,0,0,0,0,0,KGI
2/20/2015,0,1,0,0,0,0,0,0,KGI
2/21/2015,0,1,0,0,0,0,0,0,KGI
2/22/2015,0,1,0,0,0,0,0,0,KGI
2/23/2015,0,0,0,0,0,0,0,0,KGI
2/24/2015,0,0,0,0,0,0,0,0,KGI
2/25/2015,0,1,0,0,0,0,0,0,KGI
2/26/2015,0,0,0,0,1,0,0,0,KGI
2/27/2015,0,1,0,0,0,0,0,0,KGI
2/28/2015,0,1,0,0,0,0,0,0,KGI
3/1/2015,0,0,0,0,1,0,0,0,KGI
3/2/2015,0,0,0,0,0,0,0,0,KGI
3/3/2015,0,0,0,0,0,0,0,0,KGI
3/4/2015,0,1,0,0,0,0,0,0,KGI
3/5/2015,0,0,0,0,0,0,0,0,KGI
3/6/2015,0,0,0,0,0,0,0,0,KGI
3/7/2015,0,1,0,0,0,0,0,0,KGI
3/8/2015,0,0,0,0,0,0,0,0,KGI
3/9/2015,0,0,0,0,0,0,0,0,KGI
3/10/2015,0,0,0,0,1,0,0,0,KGI
3/11/2015,0,0,0,0,0,0,0,0,KGI
3/12/2015,0,0,0,0,0,0,0,0,KGI
3/13/2015,0,0,0,0,0,0,0,0,KGI
3/14/2015,0,0,0,0,0,0,0,0,KGI
3/15/2015,0,0,0,0,0,0,0,0,KGI
3/16/2015,0,0,0,1,0,0,0,0,KGI
3/17/2015,0,0,0,0,0,0,0,0,KGI
3/18/2015,0,0,0,0,0,0,0,0,KGI
3/19/2015,0,0,0,0,0,0,0,0,KGI
3/20/2015,0,1,0,0,0,0,0,0,KGI
3/21/2015,0,0,0,0,0,0,0,0,KGI
3/22/2015,0,0,0,0,0,0,0,0,KGI
3/23/2015,0,1,0,0,0,0,0,0,KGI
3/24/2015,0,0,0,0,0,0,0,0,KGI
3/25/2015,0,0,0,0,0,0,0,0,KGI
3/26/2015,0,0,0,0,0,0,0,0,KGI
3/27/2015,0,0,0,0,0,0,0,0,KGI
3/28/2015,0,0,0,0,0,0,0,0,KGI
3/29/2015,0,0,0,0,0,0,0,0,KGI
3/30/2015,0,0,0,0,1,0,0,0,KGI
3/31/2015,0,1,0,0,0,0,0,0,KGI
4/1/2015,0,0,0,0,0,0,0,0,KGI
4/2/2015,0,0,0,0,0,0,0,0,KGI
4/3/2015,0,0,0,0,0,0,0,0,KGI
4/4/2015,0,0,0,0,0,0,0,0,KGI
4/5/2015,0,0,0,0,0,0,0,0,KGI
4/6/2015,0,0,0,0,0,0,0,0,KGI
4/7/2015,0,1,0,0,0,0,0,0,KGI
4/8/2015,0,1,0,0,1,0,0,0,KGI
4/9/2015,0,1,0,1,0,0,0,0,KGI
4/10/2015,0,0,0,0,0,0,0,0,KGI
4/11/2015,0,0,0,1,0,0,0,0,KGI
4/12/2015,0,0,0,0,1,0,0,0,KGI
4/13/2015,0,1,0,0,0,0,0,0,KGI
4/14/2015,0,0,0,1,0,0,0,0,KGI
4/15/2015,0,1,0,0,0,0,0,0,KGI
4/16/2015,0,0,0,0,0,0,0,0,KGI
4/17/2015,0,0,0,0,0,0,0,0,KGI
4/18/2015,0,1,0,0,1,0,0,0,KGI
4/19/2015,0,0,0,0,0,0,0,0,KGI
4/20/2015,0,1,0,0,0,0,0,0,KGI
4/21/2015,0,0,0,0,0,0,0,0,KGI
4/22/2015,0,0,0,0,0,0,0,0,KGI
4/23/2015,0,0,0,0,0,0,0,0,KGI
4/24/2015,0,0,0,0,0,0,0,0,KGI
4/25/2015,0,0,0,0,0,0,0,0,KGI
4/26/2015,0,1,0,0,0,0,0,0,KGI
4/27/2015,0,0,0,0,0,0,0,0,KGI
4/28/2015,0,1,0,0,0,0,0,0,KGI
4/29/2015,0,0,0,0,0,0,0,0,KGI
4/30/2015,0,0,0,0,1,0,0,0,KGI
5/1/2015,0,0,0,0,0,0,0,0,KGI
5/2/2015,0,0,0,0,0,0,0,0,KGI
5/3/2015,0,0,0,0,0,0,0,0,KGI
5/4/2015,0,0,0,0,0,0,0.000495926,0.001112115,KGI
5/5/2015,0,0,0,1,0,0,0.000358293,0.000613362,KGI
5/6/2015,0,0,0,0,0,0,0,0,KGI
5/7/2015,0,0,0,1,0,0,0,0,KGI
5/8/2015,0,0,0,0,0,0,0,0,KGI
5/9/2015,0,0,0,1,1,0,0,0,KGI
5/10/2015,0,0,0,0,1,0,0,0,KGI
5/11/2015,0,1,0,1,1,0,0,0,KGI
5/12/2015,0,0,0,0,1,0,0,0,KGI
5/13/2015,0,0,0,0,0,0,0,0,KGI
5/14/2015,0,0,0,1,0,0,0,0,KGI
5/15/2015,0,0,0,1,0,0,0,0,KGI
5/16/2015,0,0,0,0,0,0,0,0,KGI
5/17/2015,0,1,0,1,0,0,0,0,KGI
5/18/2015,0,0,0,1,0,0,0,0,KGI
5/19/2015,0,0,0,0,0,0,0.00041963,0.000554882,KGI
5/20/2015,0,0,0,0,1,0,0.000171667,0,KGI
5/21/2015,0,1,0,1,1,0,0,0,KGI
5/22/2015,0,0,0,0,0,0,0,0,KGI
5/23/2015,0,0,0,0,0,0,0.002400377,0.006431453,KGI
5/24/2015,0,0,0,1,0,0,0.008458025,0.039531007,KGI
5/25/2015,0,0,0,0,0,0,0.00950286,0.039112437,KGI
5/26/2015,0,0,1,0,0,0,0.00805641,0.068629558,KGI
5/27/2015,0,0,0,0,0,0,0.00746479,0.092921326,KGI
5/28/2015,0,0,0,0,0,0,0.002194598,0.005743814,KGI
5/29/2015,0,0,0,0,0,0,0.00228412,0.009627106,KGI
5/30/2015,0,0,0,0,0,0,0.023297915,0.203737542,KGI
5/31/2015,0,0,0,0,0,0,0.016152292,0.112616479,KGI
6/1/2015,0,0,0,1,0,0,0.015501389,0.139627479,KGI
6/2/2015,0,0,0,0,1,0,0.030294389,0.232963254,KGI
6/3/2015,0,0,0,1,0,0,0.034712155,0.24024319,KGI
6/4/2015,0,0,0,0,0,0,0.044458237,0.280343255,KGI
6/5/2015,0,0,0,0,0,0,0.047706697,0.268682778,KGI
6/6/2015,0,0,0,1,0,0,0.061070133,0.299733091,KGI
6/7/2015,0,0,0,0,0,0,0.040248139,0.19576882,KGI
6/8/2015,0,1,0,0,0,0,0.032007346,0.169669137,KGI
6/9/2015,0,0,0,1,0,0,0.011775058,0.08238408,KGI
6/10/2015,0,0,0,1,1,0,0.00429281,0.02128666,KGI
6/11/2015,0,0,0,1,0,0,0.017086127,0.200929416,KGI
6/12/2015,0,1,0,1,0,0,0.044234884,0.392470151,KGI
6/13/2015,0,1,0,1,0,0,0.056209425,0.393164236,KGI
6/14/2015,0,0,0,1,0,0,0.059582886,0.326860655,KGI
6/15/2015,0,0,0,1,0,0,0.086957353,0.382848343,KGI
6/16/2015,0,0,0,0,0,0,0.149234451,0.456468949,KGI
6/17/2015,0,0,0,0,0,0,0.206040471,0.460522187,KGI
6/18/2015,0,0,0,0,0,0,0.20784668,0.456977591,KGI
6/19/2015,0,0,0,1,0,0,0.199304941,0.42919833,KGI
6/20/2015,0,0,0,0,0,0,0.116198675,0.269441113,KGI
6/21/2015,0,0,0,1,0,0,0.091620963,0.274089064,KGI
6/22/2015,0,0,0,0,0,0,0.117622892,0.382085379,KGI
6/23/2015,0,1,0,0,0,0,0.061110931,0.205003849,KGI
6/24/2015,0,0,0,0,0,0,0.005652282,0.021362957,KGI
6/25/2015,0,0,0,0,1,0,0.000787487,0.001271605,KGI
6/26/2015,0,0,0,0,0,0,0,0,KGI
6/27/2015,0,0,0,1,0,0,0,0,KGI
6/28/2015,0,0,0,1,0,0,0.007110124,0.036442067,KGI
6/29/2015,0,0,0,1,0,0,0.042710813,0.365342587,KGI
6/30/2015,0,0,0,0,0,0,0.100325626,0.447832633,KGI
7/1/2015,0,0,0,0,0,0,0.149259619,0.452458095,KGI
7/2/2015,0,0,1,0,0,0,0.103068583,0.403156927,KGI
7/3/2015,0,0,0,0,0,0,0.150512414,0.452325637,KGI
7/4/2015,0,0,0,0,0,0,0.238684149,0.457994874,KGI
7/5/2015,0,0,0,0,0,0,0.295683293,0.447445856,KGI
7/6/2015,0,0,0,0,0,0,0.303841962,0.44277271,KGI
7/7/2015,0,0,0,0,0,0,0.262234,0.452002438,KGI
7/8/2015,0,0,0,0,0,0,0.196574169,0.459287672,KGI
7/9/2015,0,0,0,0,0,0,0.163087789,0.451244775,KGI
7/10/2015,0,0,0,0,0,0,0.152669903,0.406929353,KGI
7/11/2015,0,0,0,0,0,0,0.149720575,0.352822581,KGI
7/12/2015,0,0,0,0,0,0,0.202398383,0.354427981,KGI
7/13/2015,0,0,0,0,0,0,0.237783959,0.374641196,KGI
7/14/2015,0,0,0,0,0,0,0.249066537,0.422347559,KGI
7/15/2015,0,0,0,0,0,0,0.291907688,0.426448484,KGI
7/16/2015,0,0,0,0,0,0,0.335445043,0.39465837,KGI
7/17/2015,0,0,0,0,0,0,0.361019663,0.359683947,KGI
7/18/2015,0,0,0,0,0,0,0.373257266,0.367944077,KGI
7/19/2015,0,0,0,0,0,0,0.420723877,0.380146183,KGI
7/20/2015,0,0,0,0,0,0,0.441531834,0.431752135,KGI
7/21/2015,0,0,0,0,0,0,0.458731347,0.427857846,KGI
7/22/2015,0,0,0,0,0,0,0.501794766,0.426734595,KGI
7/23/2015,0,0,0,0,0,0,0.550456421,0.441903777,KGI
7/24/2015,0,0,0,0,0,0,0.575656444,0.475733757,KGI
7/25/2015,0,0,0,0,0,0,0.578959702,0.48440186,KGI
7/26/2015,0,0,0,0,0,0,0.541928193,0.48324682,KGI
7/27/2015,0,0,0,0,0,0,0.467283416,0.473964109,KGI
7/28/2015,0,0,0,0,0,0,0.397651408,0.467855107,KGI
7/29/2015,0,0,0,0,0,0,0.411832449,0.467680262,KGI
7/30/2015,0,0,0,0,0,0,0.47432943,0.473582628,KGI
7/31/2015,0,0,0,0,0,0,0.534673424,0.482075886,KGI
8/1/2015,0,0,0,0,0,0,0.595039669,0.492238123,KGI
8/2/2015,0,0,0,0,0,0,0.618835897,0.498744503,KGI
8/3/2015,0,0,0,0,0,0,0.683312078,0.510114767,KGI
8/4/2015,0,0,0,0,0,0,0.747440152,0.521977775,KGI
8/5/2015,0,0,0,0,0,0,0.812674793,0.532701643,KGI
8/6/2015,0,0,0,0,0,0,0.816251712,0.51448591,KGI
8/7/2015,0,0,0,0,0,0,0.820693848,0.528049688,KGI
8/8/2015,0,0,0,0,0,0,0.807633676,0.536251537,KGI
8/9/2015,0,0,0,0,0,0,0.813991698,0.524314349,KGI
8/10/2015,0,0,0,0,0,0,0.818941683,0.527588732,KGI
8/11/2015,0,0,0,0,0,0,0.759545565,0.534132198,KGI
8/12/2015,0,0,0,0,0,0,0.764454488,0.526640328,KGI
8/13/2015,0,0,0,0,0,0,0.725927518,0.527747683,KGI
8/14/2015,0,0,0,0,0,0,0.626019139,0.509251134,KGI
8/15/2015,0,0,0,0,0,0,0.546938846,0.495777425,KGI
8/16/2015,0,0,0,0,0,0,0.53999933,0.529888217,KGI
8/17/2015,0,0,0,0,0,0,0.547972022,0.556369384,KGI
8/18/2015,0,0,0,0,0,0,0.586789872,0.582903529,KGI
8/19/2015,0,0,0,0,0,0,0.552289915,0.589203269,KGI
8/20/2015,0,0,0,0,0,0,0.605388943,0.607323636,KGI
8/21/2015,0,0,0,0,0,0,0.64261649,0.605622866,KGI
8/22/2015,0,0,0,0,0,0,0.67687749,0.611122555,KGI
8/23/2015,0,0,0,0,0,0,0.709010675,0.607885264,KGI
8/24/2015,0,0,0,0,0,0,0.707183538,0.585224209,KGI
8/25/2015,0,0,0,0,0,0,0.706993325,0.566558112,KGI
8/26/2015,0,0,0,0,0,0,0.725182835,0.566473337,KGI
8/27/2015,0,0,0,0,0,0,0.744395189,0.574865932,KGI
8/28/2015,0,0,0,0,0,0,0.746557976,0.570224571,KGI
8/29/2015,0,0,0,0,0,0,0.689965746,0.56715153,KGI
8/30/2015,0,0,0,0,0,0,0.641233357,0.566902508,KGI
8/31/2015,0,0,0,0,0,0,0.608865194,0.580105998,KGI
9/1/2015,0,0,0,0,0,0,0.606248866,0.575973287,KGI
9/2/2015,0,0,0,0,0,0,0.589538392,0.572990312,KGI
9/3/2015,0,0,0,0,0,0,0.573759636,0.575999776,KGI
9/4/2015,0,0,0,0,0,0,0.593958807,0.580249058,KGI
9/5/2015,0,0,0,0,0,0,0.628308821,0.585663969,KGI
9/6/2015,0,0,0,0,0,0,0.64112527,0.592154456,KGI
9/7/2015,0,0,0,0,0,0,0.673883921,0.593208827,KGI
9/8/2015,0,0,0,0,0,0,0.769985969,0.599052908,KGI
9/9/2015,0,0,0,0,0,0,0.78945794,0.607127598,KGI
9/10/2015,0,0,0,0,0,0,0.743133124,0.601855737,KGI
9/11/2015,0,0,0,0,0,0,0.725764592,0.613204806,KGI
9/12/2015,0,0,0,0,0,0,0.668661602,0.611466949,KGI
9/13/2015,0,0,0,0,0,0,0.634785791,0.614243285,KGI
9/14/2015,0,0,0,0,0,0,0.584254079,0.592822045,KGI
9/15/2015,0,0,0,0,0,0,0.567278956,0.558022468,KGI
9/16/2015,0,0,0,0,0,0,0.541306431,0.548241712,KGI
9/17/2015,0,0,0,0,0,0,0.56198696,0.549968972,KGI
9/18/2015,0,0,0,0,0,0,0.612746498,0.541528696,KGI
9/19/2015,0,0,0,0,0,0,0.692050118,0.530222013,KGI
9/20/2015,0,0,0,0,0,0,0.711947553,0.529702775,KGI
9/21/2015,0,0,0,0,0,0,0.64483703,0.519620012,KGI
9/22/2015,0,0,0,0,0,0,0.599278087,0.501563225,KGI
9/23/2015,0,0,0,0,0,0,0.596101725,0.49132151,KGI
9/24/2015,0,0,0,0,0,0,0.671430257,0.527525151,KGI
9/25/2015,0,0,0,0,0,0,0.676782124,0.563442683,KGI
9/26/2015,0,0,0,0,0,0,0.632551476,0.574616909,KGI
9/27/2015,0,0,0,0,0,0,0.622699719,0.602205427,KGI
9/28/2015,0,0,0,0,0,0,0.577850756,0.581213355,KGI
9/29/2015,0,0,0,0,0,0,0.552643844,0.575671278,KGI
9/30/2015,0,0,0,0,0,0,0.580561925,0.652995431,KGI
10/1/2015,0,0,0,0,0,0,0.626507644,0.715775612,KGI
10/2/2015,0,0,0,0,0,0,0.624699845,0.712299892,KGI
10/3/2015,0,0,0,0,0,0,0.672303161,0.786127131,KGI
10/4/2015,0,0,0,0,0,0,0.691665458,0.810626715,KGI
10/5/2015,0,0,1,0,0,0,0.69623449,0.821949291,KGI
10/6/2015,0,0,0,0,0,0,0.75204495,0.819406085,KGI
10/7/2015,0,0,0,0,0,0,0.765276792,0.804952179,KGI
10/8/2015,0,0,0,0,0,0,0.772279625,0.805307169,KGI
10/9/2015,0,0,0,0,0,0,0.709452821,0.774582024,KGI
10/10/2015,0,0,0,0,0,0,0.691493962,0.79300507,KGI
10/11/2015,0,0,0,0,0,0,0.734620003,0.847080714,KGI
10/12/2015,0,0,0,0,0,0,0.696228664,0.84706878,KGI
10/13/2015,0,0,0,0,0,0,0.610325419,0.790900948,KGI
10/14/2015,0,0,0,0,0,0,0.477256239,0.703827826,KGI
10/15/2015,0,0,0,0,0,0,0.438203145,0.704511312,KGI
10/16/2015,0,0,0,0,0,0,0.48883473,0.737244532,KGI
10/17/2015,0,0,0,0,0,0,0.488671008,0.733127717,KGI
10/18/2015,0,0,0,0,0,0,0.458190385,0.77259514,KGI
10/19/2015,0,0,0,0,0,0,0.466501645,0.806642354,KGI
10/20/2015,0,0,0,0,0,0,0.417763953,0.719304314,KGI
10/21/2015,0,0,0,0,0,0,0.418218819,0.678612967,KGI
10/22/2015,0,0,0,0,0,0,0.334542469,0.592271016,KGI
10/23/2015,0,0,0,0,0,0,0.301938795,0.579014539,KGI
10/24/2015,0,0,0,0,0,0,0.271667982,0.572688308,KGI
10/25/2015,0,0,0,0,0,0,0.262228173,0.587195197,KGI
10/26/2015,0,0,0,0,0,0,0.233754616,0.637695156,KGI
10/27/2015,0,0,0,0,0,0,0.176276563,0.609567372,KGI
10/28/2015,0,0,0,0,0,0,0.128160399,0.504231668,KGI
10/29/2015,0,0,0,0,0,0,0.096301262,0.440399044,KGI
10/30/2015,0,0,0,0,0,0,0.075447826,0.337346478,KGI
10/31/2015,0,0,0,0,0,0,0.059684349,0.329462144,KGI
11/1/2015,0,0,0,0,0,0,0.055914307,0.353045111,KGI
11/2/2015,0,0,0,0,0,0,0.048866174,0.298842966,KGI
11/3/2015,0,0,0,0,0,0,0.049387267,0.346432766,KGI
11/4/2015,0,0,0,0,0,0,0.040582465,0.305386432,KGI
11/5/2015,0,0,0,0,1,0,0.038164032,0.279996727,KGI
11/6/2015,0,0,0,0,1,0,0.044418265,0.302678216,KGI
11/7/2015,0,0,0,0,0,0,0.030086694,0.193522318,KGI
11/8/2015,0,0,0,0,0,0,0.036497941,0.221264974,KGI
11/9/2015,0,0,0,0,1,0,0.034080425,0.191460962,KGI
11/10/2015,0,0,0,0,0,0,0.030505396,0.158326689,KGI
11/11/2015,0,0,0,0,0,0,0.005843143,0.04196295,KGI
11/12/2015,0,0,0,0,0,0,0.001732629,0.004675176,KGI
11/13/2015,0,0,0,0,1,0,0.029681975,0.2109592,KGI
11/14/2015,0,0,0,0,0,0,0.016654387,0.15404581,KGI
11/15/2015,0,0,0,0,1,0,0.001981942,0.005634186,KGI
11/16/2015,0,0,0,0,1,0,0.000670527,0.001203134,KGI
11/17/2015,0,0,0,0,1,0,0,0,KGI
11/18/2015,0,0,0,0,1,0,0,0,KGI
11/19/2015,0,0,0,0,1,0,0.000566881,0.001953185,KGI
11/20/2015,0,0,0,0,1,0,0,0,KGI
11/21/2015,0,0,0,0,1,0,0,0,KGI
11/22/2015,0,0,0,0,1,0,0,0,KGI
11/23/2015,0,0,0,0,0,0,0,0,KGI
11/24/2015,0,0,0,0,1,0,0,0,KGI
11/25/2015,0,0,0,0,1,0,0,0,KGI
11/26/2015,0,0,0,0,1,0,0,0,KGI
11/27/2015,0,0,0,0,1,0,0,0,KGI
11/28/2015,0,0,0,1,1,0,0,0,KGI
11/29/2015,0,0,0,0,1,0,0,0,KGI
11/30/2015,0,0,0,0,1,0,0,0,KGI
12/1/2015,0,0,0,0,1,0,0,0,KGI
12/2/2015,0,0,0,0,1,0,0,0,KGI
12/3/2015,0,0,0,0,0,0,0,0,KGI
12/4/2015,0,0,0,0,0,0,0,0,KGI
12/5/2015,0,0,0,0,0,0,0,0,KGI
12/6/2015,0,0,0,0,0,0,0,0,KGI
12/7/2015,0,0,0,0,0,0,0,0,KGI
12/8/2015,0,0,0,0,0,1,0,0,KGI
12/9/2015,0,0,0,0,1,0,0,0,KGI
12/10/2015,0,0,0,0,1,1,0,0,KGI
12/11/2015,0,0,0,0,0,0,0,0,KGI
12/12/2015,0,0,0,0,1,0,0,0,KGI
12/13/2015,0,0,0,0,1,0,0,0,KGI
12/14/2015,0,0,0,0,1,0,0,0,KGI
12/15/2015,0,0,0,0,1,0,0,0,KGI
12/16/2015,0,0,0,0,0,0,0,0,KGI
12/17/2015,0,0,0,0,0,0,0,0,KGI
12/18/2015,0,0,0,0,1,0,0,0,KGI
12/19/2015,0,0,0,0,0,0,0,0,KGI
12/20/2015,0,0,0,0,0,0,0,0,KGI
12/21/2015,0,0,0,0,0,0,0,0,KGI
12/22/2015,0,0,0,0,0,0,0,0,KGI
12/23/2015,0,0,0,0,0,0,0,0,KGI
12/24/2015,0,0,0,0,0,0,0,0,KGI
12/25/2015,0,0,0,0,1,0,0,0,KGI
12/26/2015,0,0,0,0,1,0,0,0,KGI
12/27/2015,0,0,0,0,0,0,0,0,KGI
12/28/2015,0,0,0,0,0,0,0,0,KGI
12/29/2015,0,0,0,0,0,0,0,0,KGI
12/30/2015,0,0,0,0,0,0,0,0,KGI
12/31/2015,0,0,0,0,0,0,0,0,KGI
1/1/2016,0,0,0,0,0,0,0,0,KGI
1/2/2016,0,0,0,0,0,0,0,0,KGI
1/3/2016,0,0,0,0,0,0,0,0,KGI
1/4/2016,0,0,0,0,0,0,0,0,KGI
1/5/2016,0,0,0,0,0,0,0,0,KGI
1/6/2016,0,0,0,0,0,0,0,0,KGI
1/7/2016,0,0,0,0,0,0,0,0,KGI
1/8/2016,0,0,0,0,0,0,0,0,KGI
1/9/2016,0,0,0,0,0,0,0,0,KGI
1/10/2016,0,0,0,0,0,0,0,0,KGI
1/11/2016,0,0,0,0,0,0,0,0,KGI
1/12/2016,0,0,0,1,0,0,0,0,KGI
1/13/2016,0,0,0,0,0,0,0,0,KGI
1/14/2016,0,0,0,0,0,0,0,0,KGI
1/15/2016,0,0,0,0,1,0,0,0,KGI
1/16/2016,0,0,0,0,0,0,0,0,KGI
1/17/2016,0,0,0,0,0,0,0,0,KGI
1/18/2016,0,0,0,0,0,0,0,0,KGI
1/19/2016,0,0,0,0,0,0,0,0,KGI
1/20/2016,0,0,0,0,0,0,0,0,KGI
1/21/2016,0,0,0,0,0,0,0,0,KGI
1/22/2016,0,0,0,0,0,0,0,0,KGI
1/23/2016,0,0,0,0,0,0,0,0,KGI
1/24/2016,0,0,0,0,0,0,0,0,KGI
1/25/2016,0,0,0,0,0,0,0,0,KGI
1/26/2016,0,0,0,0,0,0,0,0,KGI
1/27/2016,0,0,0,0,0,0,0,0,KGI
1/28/2016,0,0,0,0,0,0,0,0,KGI
1/29/2016,0,0,0,0,0,0,0,0,KGI
2/4/2016,1,0,0,0,0,0,0,0,CI
2/5/2016,1,0,0,0,0,0,0,0,CI
2/6/2016,1,0,0,0,0,0,0,0,CI
2/7/2016,1,0,0,0,0,0,0,0,CI
2/8/2016,0,0,0,0,0,0,0,0,CI
2/9/2016,1,0,0,0,0,0,0,0,CI
2/10/2016,1,0,0,0,0,0,0,0,CI
2/11/2016,0,0,0,0,0,0,0,0,CI
2/12/2016,0,0,0,0,0,0,0,0,CI
2/13/2016,1,0,0,0,0,0,0,0,CI
2/14/2016,1,0,0,0,0,0,0,0,CI
2/15/2016,1,1,1,0,0,0,0,0,CI
2/16/2016,1,1,0,0,0,0,0,0,CI
2/17/2016,1,0,0,0,0,0,0,0,CI
2/18/2016,1,0,0,0,0,0,0,0,CI
2/19/2016,0,0,0,0,0,0,0,0,CI
2/20/2016,1,0,0,0,0,0,0,0,CI
2/21/2016,0,0,0,1,0,0,0,0,CI
2/22/2016,0,0,0,0,0,0,0,0,CI
2/23/2016,1,0,0,0,0,0,0,0,CI
2/24/2016,0,0,0,0,0,0,0,0,CI
2/25/2016,1,0,0,0,0,0,0,0,CI
2/26/2016,0,1,0,0,0,0,0,0,CI
2/27/2016,0,0,0,0,0,0,0,0,CI
2/28/2016,1,0,0,0,0,0,0,0,CI
2/29/2016,1,0,0,0,0,0,0,0,CI
3/1/2016,1,1,0,0,0,0,0,0,CI
3/2/2016,1,0,0,0,0,0,0,0,CI
3/3/2016,1,1,0,0,1,0,0,0,CI
3/4/2016,1,1,0,0,0,0,0,0,CI
3/5/2016,1,1,0,1,0,0,0,0,CI
3/6/2016,0,1,0,0,0,0,0,0,CI
3/7/2016,0,0,0,0,0,0,0,0,CI
3/8/2016,0,0,0,0,0,0,0,0,CI
3/9/2016,1,0,0,0,0,0,0,0,CI
3/10/2016,0,0,0,0,0,0,0,0,CI
3/11/2016,1,0,0,0,0,0,0,0,CI
3/12/2016,1,0,0,0,1,0,0,0,CI
3/13/2016,0,1,0,0,0,0,0,0,CI
3/14/2016,1,0,0,0,0,0,0,0,CI
3/15/2016,1,0,0,0,0,0,0,0,CI
3/16/2016,0,1,0,0,0,0,0,0,CI
3/17/2016,1,0,0,0,0,0,0,0,CI
3/18/2016,1,0,0,0,0,0,0,0,CI
3/19/2016,1,0,0,0,0,0,0,0,CI
3/20/2016,1,1,0,0,0,0,0,0,CI
3/21/2016,0,1,0,0,0,0,0,0,CI
3/22/2016,1,0,0,0,0,0,0,0,CI
3/23/2016,1,1,0,0,0,0,0,0,CI
3/24/2016,1,1,0,0,0,0,0,0,CI
3/25/2016,0,1,0,0,0,0,0,0,CI
3/26/2016,1,0,0,0,0,0,0,0,CI
3/27/2016,1,0,0,0,0,0,0,0,CI
3/28/2016,1,0,0,0,0,0,0,0,CI
3/29/2016,1,0,0,0,0,0,0,0,CI
3/30/2016,1,1,0,0,0,0,0,0,CI
3/31/2016,1,0,0,0,0,0,0,0,CI
4/1/2016,1,0,0,0,0,0,0,0,CI
4/2/2016,1,1,0,0,0,0,0,0,CI
4/3/2016,1,0,0,0,0,0,0.001748891,0.004658338,CI
4/4/2016,1,0,0,0,0,0,0.00221895,0.007054641,CI
4/5/2016,1,0,0,0,0,0,0,0,CI
4/6/2016,1,0,0,0,0,0,0,0,CI
4/7/2016,1,0,0,0,0,0,0,0,CI
4/8/2016,1,0,0,0,1,0,0,0,CI
4/9/2016,1,0,0,0,0,0,0,0,CI
4/10/2016,1,0,0,0,0,0,0,0,CI
4/11/2016,1,0,0,0,0,0,0.000101728,0,CI
4/12/2016,1,1,0,0,1,0,0,0,CI
4/13/2016,1,0,0,0,1,0,0.001284321,0.003009464,CI
4/14/2016,1,0,0,0,1,0,0,0,CI
4/15/2016,1,1,0,0,0,0,0,0,CI
4/16/2016,1,0,0,0,0,0,0.000312428,0.001410032,CI
4/17/2016,1,0,0,0,0,0,0.021151602,0.07717297,CI
4/18/2016,1,0,0,0,0,0,0.080244724,0.13300194,CI
4/19/2016,1,0,0,0,0,0,0.126900369,0.141555651,CI
4/20/2016,1,0,0,0,0,0,0.150582306,0.150133059,CI
4/21/2016,1,0,0,0,0,0,0.213107813,0.217894575,CI
4/22/2016,1,0,0,0,0,0,0.287512794,0.265122443,CI
4/23/2016,1,0,0,0,0,0,0.379478235,0.297086316,CI
4/24/2016,1,0,0,0,0,0,0.428465183,0.326391667,CI
4/25/2016,1,0,0,0,0,0,0.464202166,0.351218759,CI
4/26/2016,1,0,0,0,0,0,0.414523342,0.345224052,CI
4/27/2016,1,0,0,0,0,0,0.262681837,0.296229009,CI
4/28/2016,1,0,0,0,0,0,0.203641863,0.284713051,CI
4/29/2016,1,0,0,0,0,0,0.212637962,0.291907561,CI
4/30/2016,1,0,0,0,0,0,0.197663979,0.280329569,CI
5/1/2016,1,0,0,0,0,0,0.234483092,0.411507033,CI
5/2/2016,1,0,0,0,0,0,0.399628271,0.49919088,CI
5/3/2016,0,0,0,0,0,0,0.417246076,0.514592303,CI
5/4/2016,1,0,1,0,0,0,0.459948769,0.545755301,CI
5/5/2016,1,0,0,0,0,0,0.534073679,0.600058345,CI
5/6/2016,1,0,1,0,0,0,0.556289636,0.647177215,CI
5/7/2016,1,0,1,0,0,0,0.550054192,0.694779453,CI
5/8/2016,1,0,0,0,0,0,0.568375487,0.771530667,CI
5/9/2016,1,0,0,0,0,0,0.541907315,0.783249964,CI
5/10/2016,1,0,0,0,0,0,0.535295603,0.830520482,CI
5/11/2016,1,0,0,0,0,0,0.542605354,0.895486044,CI
5/12/2016,1,0,0,0,0,0,0.530798763,0.952415614,CI
5/13/2016,0,0,0,0,0,0,0.504141746,1.025947073,CI
5/14/2016,0,0,0,0,0,0,0.501458441,1.194302056,CI
5/15/2016,1,0,0,0,0,0,0.468058211,1.25881269,CI
5/16/2016,1,0,0,0,0,0,0.401467675,1.229199311,CI
5/17/2016,1,0,0,0,0,0,0.338315922,1.157433429,CI
5/18/2016,1,0,0,0,0,0,0.325804045,1.189060837,CI
5/19/2016,1,0,0,0,0,0,0.323641922,1.265333412,CI
5/20/2016,1,0,0,0,0,0,0.349546639,1.273541193,CI
5/21/2016,1,0,0,0,0,0,0.263098696,1.043036401,CI
5/22/2016,1,0,1,0,0,0,0.367759412,1.171702256,CI
5/23/2016,1,0,0,0,0,0,0.394868283,1.159708097,CI
5/24/2016,1,0,0,0,0,0,0.349924802,1.071048037,CI
5/25/2016,1,0,1,0,0,0,0.409953855,1.202704128,CI
5/26/2016,1,0,0,0,0,0,0.420181824,1.235824291,CI
5/27/2016,0,0,0,0,0,0,0.425518774,1.18230317,CI
5/28/2016,0,0,0,0,0,0,0.394522109,0.999642307,CI
5/29/2016,0,0,0,0,0,0,0.349092143,0.869699764,CI
5/30/2016,0,0,0,0,0,0,0.270477919,0.684855699,CI
5/31/2016,1,0,0,0,0,0,0.164804814,0.416521325,CI
6/1/2016,1,0,0,0,0,0,0.08826673,0.169302506,CI
6/2/2016,1,0,0,0,0,0,0.024255107,0.153170693,CI
6/3/2016,0,0,0,0,0,0,0.020612789,0.426173925,CI
6/4/2016,0,0,0,0,0,0,0.065660526,0.494684186,CI
6/5/2016,0,0,0,0,0,0,0.135512134,0.504109857,CI
6/6/2016,0,0,0,0,0,0,0.148116183,0.498276273,CI
6/7/2016,0,0,0,0,0,0,0.145279241,0.493058744,CI
6/8/2016,1,0,0,0,0,0,0.144409416,0.490305444,CI
6/9/2016,1,0,0,0,0,0,0.152517673,0.49251851,CI
6/10/2016,1,0,0,0,0,0,0.134613876,0.476301998,CI
6/11/2016,0,0,0,0,0,0,0.107624898,0.439736655,CI
6/12/2016,1,0,0,0,0,0,0.079813011,0.388608672,CI
6/13/2016,1,0,0,0,0,0,0.06787217,0.390381021,CI
6/14/2016,0,0,0,0,0,0,0.089964443,0.442840631,CI
6/15/2016,1,0,0,0,0,0,0.122556221,0.447754871,CI
6/16/2016,0,0,0,0,0,0,0.1030012,0.360177479,CI
6/17/2016,0,0,0,0,0,0,0.09132162,0.332144785,CI
6/18/2016,0,0,0,0,0,0,0.074086905,0.272743059,CI
6/19/2016,0,0,0,0,0,0,0.042986722,0.162059513,CI
6/20/2016,0,0,0,0,0,0,0.015667511,0.085503955,CI
6/21/2016,1,0,0,0,0,0,0.024328086,0.238319231,CI
6/22/2016,1,0,0,0,0,0,0.03275219,0.307971566,CI
6/23/2016,0,0,0,0,0,0,0.079471573,0.4303252,CI
6/24/2016,0,0,0,0,0,0,0.059168234,0.312198665,CI
6/25/2016,0,0,0,0,0,0,0.027460977,0.144475923,CI
6/26/2016,0,0,0,1,0,0,0.002872891,0.011887633,CI
6/27/2016,1,0,0,0,0,0,0.009251165,0.053334958,CI
6/28/2016,0,0,0,1,0,0,0.016621925,0.181040158,CI
6/29/2016,1,0,0,1,0,0,0.013508232,0.147521924,CI
6/30/2016,0,0,0,0,0,0,0.010436003,0.125064282,CI
7/1/2016,0,0,0,0,0,0,0.046669388,0.427652461,CI
7/2/2016,1,0,0,0,0,0,0.083918082,0.468662893,CI
7/3/2016,1,0,0,0,0,0,0.058766849,0.355351081,CI
7/4/2016,1,0,0,0,0,0,0.083925901,0.421022741,CI
7/5/2016,0,0,0,0,0,0,0.206057043,0.479699789,CI
7/6/2016,0,0,0,1,0,0,0.334594939,0.4926512,CI
7/7/2016,0,0,0,0,0,0,0.381464544,0.500593595,CI
7/8/2016,1,0,0,0,0,0,0.39613973,0.50572582,CI
7/9/2016,1,0,0,0,0,0,0.37168796,0.507123797,CI
7/10/2016,1,0,0,0,0,0,0.363294184,0.510829614,CI
7/11/2016,0,0,0,0,0,0,0.369534367,0.517966396,CI
7/12/2016,1,0,0,0,0,0,0.323847827,0.514829245,CI
7/13/2016,1,0,0,0,0,0,0.228864179,0.496579746,CI
7/14/2016,1,0,0,0,0,0,0.265545389,0.509370036,CI
7/15/2016,1,0,0,0,0,0,0.303363699,0.519994649,CI
7/16/2016,1,0,0,0,0,0,0.313855385,0.515464259,CI
7/17/2016,1,0,1,0,0,0,0.227411231,0.414677356,CI
7/18/2016,1,0,0,1,0,0,0.08447118,0.198074664,CI
7/19/2016,0,0,0,0,0,0,0.024107615,0.0759081,CI
7/20/2016,1,0,0,0,0,0,0.001859722,0.01106296,CI
7/21/2016,1,0,0,1,0,0,0,0,CI
7/22/2016,1,0,0,1,0,0,0.010530307,0.178585408,CI
7/23/2016,1,0,0,0,0,0,0.041090045,0.434334309,CI
7/24/2016,1,0,0,0,0,0,0.104114795,0.484523986,CI
7/25/2016,0,0,0,0,0,0,0.151999237,0.484675631,CI
7/26/2016,1,0,0,0,0,0,0.219751987,0.48661858,CI
7/27/2016,1,0,0,0,0,0,0.235314058,0.471890082,CI
7/28/2016,0,0,0,0,0,0,0.191251064,0.41500434,CI
7/29/2016,0,0,0,0,0,0,0.133770115,0.333035602,CI
7/30/2016,0,0,0,0,0,0,0.103276485,0.324183341,CI
7/31/2016,0,0,0,0,0,0,0.150649599,0.428567069,CI
8/1/2016,0,0,0,0,0,0,0.129865499,0.314795581,CI
8/2/2016,1,0,0,0,0,0,0.168067422,0.338774411,CI
8/3/2016,1,0,0,0,0,0,0.234026026,0.38043881,CI
8/4/2016,0,0,0,0,0,0,0.147175986,0.236532665,CI
8/5/2016,0,0,0,0,0,0,0.200402114,0.395712282,CI
8/6/2016,1,0,0,1,0,0,0.151815518,0.304727317,CI
8/7/2016,1,0,0,0,0,0,0.066857335,0.168498504,CI
8/8/2016,1,1,0,1,0,0,0.006812065,0.034614665,CI
8/9/2016,0,0,0,0,0,0,0.006299181,0.054544727,CI
8/10/2016,0,0,0,0,0,0,0.053906635,0.408403054,CI
8/11/2016,1,0,0,1,0,0,0.13272803,0.456142721,CI
8/12/2016,1,0,0,0,0,0,0.193645867,0.482993324,CI
8/13/2016,0,0,0,0,0,0,0.349220603,0.507351262,CI
8/14/2016,0,0,0,0,0,0,0.536583401,0.532112012,CI
8/15/2016,1,0,0,0,0,0,0.686149686,0.581192789,CI
8/16/2016,1,0,0,0,0,0,0.773193071,0.720279476,CI
8/17/2016,1,0,0,0,0,0,0.793264204,0.866123828,CI
8/18/2016,1,0,1,0,0,0,0.787479905,0.929667723,CI
8/19/2016,1,0,1,0,0,0,0.780933825,0.970744498,CI
8/20/2016,1,0,1,0,0,0,0.799804834,1.022483801,CI
8/21/2016,1,0,0,0,0,0,0.822400376,1.04753836,CI
8/22/2016,1,0,0,0,0,0,0.821612774,1.040733297,CI
8/23/2016,1,0,0,0,0,0,0.835406525,1.030122902,CI
8/24/2016,0,0,0,0,0,0,0.840185226,1.035146136,CI
8/25/2016,0,0,0,0,0,0,0.838344402,1.030549405,CI
8/26/2016,1,0,1,0,0,0,0.842901566,1.025554607,CI
8/27/2016,0,0,0,0,0,0,0.848227374,0.995040833,CI
8/28/2016,1,0,0,0,0,0,0.858461975,0.974587747,CI
8/29/2016,1,0,0,0,0,0,0.821026568,0.910873254,CI
8/30/2016,1,0,0,0,0,0,0.716324861,0.731321108,CI
8/31/2016,1,0,0,0,0,0,0.721014477,0.66860178,CI
9/1/2016,1,0,1,0,0,0,0.845736611,0.762398808,CI
9/2/2016,1,0,1,0,0,0,0.880847587,0.789140412,CI
9/3/2016,1,0,0,0,0,0,0.90959114,0.790983844,CI
9/4/2016,1,0,0,0,0,0,0.900210729,0.712033788,CI
9/5/2016,1,0,0,0,0,0,0.804977341,0.539604211,CI
9/6/2016,1,0,0,0,0,0,0.712851249,0.439570791,CI
9/7/2016,1,0,0,1,0,0,0.594223577,0.362587377,CI
9/8/2016,1,0,0,0,0,0,0.439694241,0.32543915,CI
9/9/2016,1,0,0,0,0,0,0.327846747,0.351721081,CI
9/10/2016,1,0,0,1,0,0,0.283323369,0.396532111,CI
9/11/2016,0,0,0,0,0,0,0.336264452,0.439930948,CI
9/12/2016,0,0,0,0,0,0,0.287910623,0.405772964,CI
9/13/2016,0,0,0,0,0,0,0.253008869,0.376496046,CI
9/14/2016,0,0,0,0,0,0,0.156430345,0.313696157,CI
9/15/2016,1,0,0,0,0,0,0.122771841,0.266165001,CI
9/16/2016,0,0,0,0,0,0,0.097415414,0.266634151,CI
9/17/2016,1,0,0,0,0,0,0.047030255,0.14952648,CI
9/18/2016,1,0,0,0,0,0,0.020910392,0.070031449,CI
9/19/2016,0,0,0,0,0,0,0.013346398,0.061482476,CI
9/20/2016,0,0,0,1,0,0,0.002120657,0.007027787,CI
9/21/2016,1,0,0,0,0,0,0.005869891,0.017646589,CI
9/22/2016,0,0,0,0,0,0,0.0018676,0.005000723,CI
9/23/2016,1,0,0,0,0,0,0.007985756,0.095697326,CI
9/24/2016,1,0,0,0,0,0,0,0,CI
9/25/2016,0,0,0,0,0,0,0,0,CI
9/26/2016,0,0,0,0,0,0,0,0,CI
9/27/2016,1,0,0,0,0,0,0,0,CI
9/28/2016,0,0,0,0,0,0,0.000173401,0,CI
9/29/2016,0,0,0,0,0,0,0,0,CI
9/30/2016,0,1,0,0,0,0,0,0,CI
10/1/2016,1,1,0,0,0,0,0,0,CI
10/2/2016,0,1,0,0,0,0,0,0,CI
10/3/2016,1,1,0,0,0,0,0,0,CI
10/4/2016,1,1,0,0,0,0,0,0,CI
10/5/2016,1,1,0,0,0,0,0,0,CI
10/6/2016,0,0,0,0,0,0,0,0,CI
10/7/2016,0,1,0,0,0,0,0,0,CI
10/8/2016,1,1,0,0,0,0,0,0,CI
10/9/2016,0,1,0,0,0,0,0,0,CI
10/10/2016,0,1,0,0,0,0,0,0,CI
10/11/2016,0,1,0,0,0,0,0,0,CI
10/12/2016,0,1,0,0,0,0,0,0,CI
10/13/2016,0,1,0,0,0,0,0,0,CI
10/14/2016,0,0,0,0,0,0,0,0,CI
10/15/2016,1,0,0,0,0,0,0,0,CI
10/16/2016,0,0,0,0,0,0,0.000576991,0.001366975,CI
10/17/2016,0,0,0,0,0,0,0.002826753,0.031025572,CI
10/18/2016,0,0,0,0,0,0,0.003467689,0.021116534,CI
10/19/2016,0,0,0,0,0,0,0,0,CI
10/20/2016,1,0,0,0,0,0,0,0,CI
10/21/2016,1,0,0,0,0,0,0,0,CI
10/22/2016,1,0,0,0,0,0,0.000671943,0.002061338,CI
10/23/2016,1,0,0,0,0,0,0.000254899,3.47E-05,CI
10/24/2016,1,0,0,0,0,0,0,0,CI
10/25/2016,1,0,0,0,0,0,0,0,CI
10/26/2016,0,0,0,0,0,0,0,0,CI
10/27/2016,0,0,0,0,0,0,0,0,CI
10/28/2016,0,0,0,0,0,0,0,0,CI
10/29/2016,0,0,0,0,0,0,0,0,CI
10/30/2016,1,0,0,0,0,0,0,0,CI
10/31/2016,1,0,0,0,0,0,0,0,CI
11/1/2016,0,0,0,0,0,0,0,0,CI
11/2/2016,0,0,0,0,0,0,0,0,CI
11/3/2016,0,0,0,0,0,0,0,0,CI
11/4/2016,0,0,0,0,0,0,0,0,CI
11/5/2016,0,0,0,0,0,0,0,0,CI
11/6/2016,0,0,0,0,0,0,0,0,CI
11/7/2016,0,0,0,0,0,0,0,0,CI
11/8/2016,1,0,0,0,0,0,0,0,CI
11/9/2016,1,0,0,0,0,0,0,0,CI
11/10/2016,0,0,0,0,0,0,0,0,CI
11/11/2016,1,0,0,0,0,0,0,0,CI
11/12/2016,1,1,0,0,0,0,0,0,CI
11/13/2016,0,1,0,0,1,0,0,0,CI
11/14/2016,0,1,0,0,1,0,0,0,CI
11/15/2016,0,0,0,0,1,0,0,0,CI
11/16/2016,0,1,0,0,1,0,0,0,CI
11/17/2016,0,1,0,0,0,0,0,0,CI
11/18/2016,0,1,0,0,0,0,0,0,CI
11/19/2016,0,0,0,0,0,0,0,0,CI
11/20/2016,0,1,0,0,0,0,0,0,CI
11/21/2016,0,1,0,0,0,0,0,0,CI
11/22/2016,0,1,0,0,0,0,0,0,CI
11/23/2016,0,1,0,0,0,0,0,0,CI
11/24/2016,0,0,0,0,0,0,0,0,CI
11/25/2016,0,1,1,0,0,0,0,0,CI
11/26/2016,0,1,0,0,0,0,0,0,CI
11/27/2016,0,1,0,0,0,0,0,0,CI
11/28/2016,0,1,0,0,1,0,0,0,CI
11/29/2016,0,1,0,0,0,0,0,0,CI
11/30/2016,0,1,0,0,0,0,0,0,CI
12/1/2016,0,1,0,0,0,0,0,0,CI
12/2/2016,0,1,0,0,0,0,0,0,CI
