"Day","Pm","BW29","Oo","Gm","BW37","BW58","Site"
2016-02-04,5,0,0,0,0,0,"CI"
2016-02-05,5,0,0,0,0,0,"CI"
2016-02-06,10,0,0,0,0,0,"CI"
2016-02-07,110,0,0,0,0,0,"CI"
2016-02-08,0,0,0,0,0,0,"CI"
2016-02-09,5,0,0,0,0,0,"CI"
2016-02-10,5,0,0,0,0,0,"CI"
2016-02-11,0,0,0,0,0,0,"CI"
2016-02-12,0,0,0,0,0,0,"CI"
2016-02-13,5,0,0,0,0,0,"CI"
2016-02-14,5,0,0,0,0,0,"CI"
2016-02-15,5,20,40,0,0,0,"CI"
2016-02-16,10,15,0,0,0,0,"CI"
2016-02-17,75,0,0,0,0,0,"CI"
2016-02-18,15,0,0,0,0,0,"CI"
2016-02-19,0,0,0,0,0,0,"CI"
2016-02-20,5,0,0,0,0,0,"CI"
2016-02-21,0,0,0,5,0,0,"CI"
2016-02-22,0,0,0,0,0,0,"CI"
2016-02-23,5,0,0,0,0,0,"CI"
2016-02-24,0,0,0,0,0,0,"CI"
2016-02-25,10,0,0,0,0,0,"CI"
2016-02-26,0,35,0,0,0,0,"CI"
2016-02-27,0,0,0,0,0,0,"CI"
2016-02-28,60,0,0,0,0,0,"CI"
2016-02-29,10,0,0,0,0,0,"CI"
2016-03-01,20,35,0,0,0,0,"CI"
2016-03-02,5,0,0,0,0,0,"CI"
2016-03-03,15,55,0,0,25,0,"CI"
2016-03-04,70,60,0,0,0,0,"CI"
2016-03-05,155,20,0,5,0,0,"CI"
2016-03-06,0,20,0,0,0,0,"CI"
2016-03-07,0,0,0,0,0,0,"CI"
2016-03-08,0,0,0,0,0,0,"CI"
2016-03-09,10,0,0,0,0,0,"CI"
2016-03-10,0,0,0,0,0,0,"CI"
2016-03-11,5,0,0,0,0,0,"CI"
2016-03-12,5,0,0,0,10,0,"CI"
2016-03-13,0,5,0,0,0,0,"CI"
2016-03-14,5,0,0,0,0,0,"CI"
2016-03-15,5,0,0,0,0,0,"CI"
2016-03-16,0,10,0,0,0,0,"CI"
2016-03-17,10,0,0,0,0,0,"CI"
2016-03-18,35,0,0,0,0,0,"CI"
2016-03-19,345,0,0,0,0,0,"CI"
2016-03-20,20,20,0,0,0,0,"CI"
2016-03-21,0,5,0,0,0,0,"CI"
2016-03-22,5,0,0,0,0,0,"CI"
2016-03-23,10,55,0,0,0,0,"CI"
2016-03-24,10,10,0,0,0,0,"CI"
2016-03-25,0,10,0,0,0,0,"CI"
2016-03-26,5,0,0,0,0,0,"CI"
2016-03-27,25,0,0,0,0,0,"CI"
2016-03-28,25,0,0,0,0,0,"CI"
2016-03-29,15,0,0,0,0,0,"CI"
2016-03-30,25,65,0,0,0,0,"CI"
2016-03-31,10,0,0,0,0,0,"CI"
2016-04-01,45,0,0,0,0,0,"CI"
2016-04-02,25,45,0,0,0,0,"CI"
2016-04-03,15,0,0,0,0,0,"CI"
2016-04-04,140,0,0,0,0,0,"CI"
2016-04-05,295,0,0,0,0,0,"CI"
2016-04-06,35,0,0,0,0,0,"CI"
2016-04-07,5,0,0,0,0,0,"CI"
2016-04-08,15,0,0,0,10,0,"CI"
2016-04-09,25,0,0,0,0,0,"CI"
2016-04-10,155,0,0,0,0,0,"CI"
2016-04-11,85,0,0,0,0,0,"CI"
2016-04-12,40,35,0,0,10,0,"CI"
2016-04-13,65,0,0,0,25,0,"CI"
2016-04-14,35,0,0,0,10,0,"CI"
2016-04-15,15,10,0,0,0,0,"CI"
2016-04-16,10,0,0,0,0,0,"CI"
2016-04-17,20,0,0,0,0,0,"CI"
2016-04-18,40,0,0,0,0,0,"CI"
2016-04-19,10,0,0,0,0,0,"CI"
2016-04-20,10,0,0,0,0,0,"CI"
2016-04-21,5,0,0,0,0,0,"CI"
2016-04-22,15,0,0,0,0,0,"CI"
2016-04-23,30,0,0,0,0,0,"CI"
2016-04-24,10,0,0,0,0,0,"CI"
2016-04-25,25,0,0,0,0,0,"CI"
2016-04-26,10,0,0,0,0,0,"CI"
2016-04-27,40,0,0,0,0,0,"CI"
2016-04-28,25,0,0,0,0,0,"CI"
2016-04-29,25,0,0,0,0,0,"CI"
2016-04-30,35,0,0,0,0,0,"CI"
2016-05-01,10,0,0,0,0,0,"CI"
2016-05-02,265,0,0,0,0,0,"CI"
2016-05-03,0,0,0,0,0,0,"CI"
2016-05-04,35,0,30,0,0,0,"CI"
2016-05-05,25,0,0,0,0,0,"CI"
2016-05-06,10,0,100,0,0,0,"CI"
2016-05-07,10,0,120,0,0,0,"CI"
2016-05-08,30,0,0,0,0,0,"CI"
2016-05-09,10,0,0,0,0,0,"CI"
2016-05-10,25,0,0,0,0,0,"CI"
2016-05-11,5,0,0,0,0,0,"CI"
2016-05-12,5,0,0,0,0,0,"CI"
2016-05-13,0,0,0,0,0,0,"CI"
2016-05-14,0,0,0,0,0,0,"CI"
2016-05-15,225,0,0,0,0,0,"CI"
2016-05-16,135,0,0,0,0,0,"CI"
2016-05-17,5,0,0,0,0,0,"CI"
2016-05-18,125,0,0,0,0,0,"CI"
2016-05-19,30,0,0,0,0,0,"CI"
2016-05-20,10,0,0,0,0,0,"CI"
2016-05-21,175,0,0,0,0,0,"CI"
2016-05-22,130,0,15,0,0,0,"CI"
2016-05-23,10,0,0,0,0,0,"CI"
2016-05-24,475,0,0,0,0,0,"CI"
2016-05-25,50,0,185,0,0,0,"CI"
2016-05-26,80,0,0,0,0,0,"CI"
2016-05-27,0,0,0,0,0,0,"CI"
2016-05-28,0,0,0,0,0,0,"CI"
2016-05-29,0,0,0,0,0,0,"CI"
2016-05-30,0,0,0,0,0,0,"CI"
2016-05-31,45,0,0,0,0,0,"CI"
2016-06-01,10,0,0,0,0,0,"CI"
2016-06-02,10,0,0,0,0,0,"CI"
2016-06-03,0,0,0,0,0,0,"CI"
2016-06-04,0,0,0,0,0,0,"CI"
2016-06-05,0,0,0,0,0,0,"CI"
2016-06-06,0,0,0,0,0,0,"CI"
2016-06-07,0,0,0,0,0,0,"CI"
2016-06-08,10,0,0,0,0,0,"CI"
2016-06-09,5,0,0,0,0,0,"CI"
2016-06-10,10,0,0,0,0,0,"CI"
2016-06-11,0,0,0,0,0,0,"CI"
2016-06-12,15,0,0,0,0,0,"CI"
2016-06-13,5,0,0,0,0,0,"CI"
2016-06-14,0,0,0,0,0,0,"CI"
2016-06-15,5,0,0,0,0,0,"CI"
2016-06-16,0,0,0,0,0,0,"CI"
2016-06-17,0,0,0,0,0,0,"CI"
2016-06-18,0,0,0,0,0,0,"CI"
2016-06-19,0,0,0,0,0,0,"CI"
2016-06-20,0,0,0,0,0,0,"CI"
2016-06-21,5,0,0,0,0,0,"CI"
2016-06-22,5,0,0,0,0,0,"CI"
2016-06-23,0,0,0,0,0,0,"CI"
2016-06-24,0,0,0,0,0,0,"CI"
2016-06-25,0,0,0,0,0,0,"CI"
2016-06-26,0,0,0,115,0,0,"CI"
2016-06-27,5,0,0,0,0,0,"CI"
2016-06-28,0,0,0,20,0,0,"CI"
2016-06-29,5,0,0,140,0,0,"CI"
2016-06-30,0,0,0,0,0,0,"CI"
2016-07-01,0,0,0,0,0,0,"CI"
2016-07-02,5,0,0,0,0,0,"CI"
2016-07-03,10,0,0,0,0,0,"CI"
2016-07-04,10,0,0,0,0,0,"CI"
2016-07-05,0,0,0,0,0,0,"CI"
2016-07-06,0,0,0,40,0,0,"CI"
2016-07-07,0,0,0,0,0,0,"CI"
2016-07-08,15,0,0,0,0,0,"CI"
2016-07-09,10,0,0,0,0,0,"CI"
2016-07-10,10,0,0,0,0,0,"CI"
2016-07-11,0,0,0,0,0,0,"CI"
2016-07-12,10,0,0,0,0,0,"CI"
2016-07-13,25,0,0,0,0,0,"CI"
2016-07-14,10,0,0,0,0,0,"CI"
2016-07-15,10,0,0,0,0,0,"CI"
2016-07-16,10,0,0,0,0,0,"CI"
2016-07-17,445,0,35,0,0,0,"CI"
2016-07-18,10,0,0,200,0,0,"CI"
2016-07-19,0,0,0,0,0,0,"CI"
2016-07-20,5,0,0,0,0,0,"CI"
2016-07-21,10,0,0,75,0,0,"CI"
2016-07-22,15,0,0,10,0,0,"CI"
2016-07-23,5,0,0,0,0,0,"CI"
2016-07-24,5,0,0,0,0,0,"CI"
2016-07-25,0,0,0,0,0,0,"CI"
2016-07-26,5,0,0,0,0,0,"CI"
2016-07-27,5,0,0,0,0,0,"CI"
2016-07-28,0,0,0,0,0,0,"CI"
2016-07-29,0,0,0,0,0,0,"CI"
2016-07-30,0,0,0,0,0,0,"CI"
2016-07-31,0,0,0,0,0,0,"CI"
2016-08-01,0,0,0,0,0,0,"CI"
2016-08-02,5,0,0,0,0,0,"CI"
2016-08-03,15,0,0,0,0,0,"CI"
2016-08-04,0,0,0,0,0,0,"CI"
2016-08-05,0,0,0,0,0,0,"CI"
2016-08-06,10,0,0,25,0,0,"CI"
2016-08-07,5,0,0,0,0,0,"CI"
2016-08-08,5,10,0,5,0,0,"CI"
2016-08-09,0,0,0,0,0,0,"CI"
2016-08-10,0,0,0,0,0,0,"CI"
2016-08-11,5,0,0,20,0,0,"CI"
2016-08-12,5,0,0,0,0,0,"CI"
2016-08-13,0,0,0,0,0,0,"CI"
2016-08-14,0,0,0,0,0,0,"CI"
2016-08-15,10,0,0,0,0,0,"CI"
2016-08-16,10,0,0,0,0,0,"CI"
2016-08-17,5,0,0,0,0,0,"CI"
2016-08-18,15,0,10,0,0,0,"CI"
2016-08-19,5,0,20,0,0,0,"CI"
2016-08-20,10,0,30,0,0,0,"CI"
2016-08-21,10,0,0,0,0,0,"CI"
2016-08-22,5,0,0,0,0,0,"CI"
2016-08-23,215,0,0,0,0,0,"CI"
2016-08-24,0,0,0,0,0,0,"CI"
2016-08-25,0,0,0,0,0,0,"CI"
2016-08-26,5,0,25,0,0,0,"CI"
2016-08-27,0,0,0,0,0,0,"CI"
2016-08-28,5,0,0,0,0,0,"CI"
2016-08-29,10,0,0,0,0,0,"CI"
2016-08-30,95,0,0,0,0,0,"CI"
2016-08-31,75,0,0,0,0,0,"CI"
2016-09-01,5,0,15,0,0,0,"CI"
2016-09-02,5,0,20,0,0,0,"CI"
2016-09-03,15,0,0,0,0,0,"CI"
2016-09-04,10,0,0,0,0,0,"CI"
2016-09-05,75,0,0,0,0,0,"CI"
2016-09-06,300,0,0,0,0,0,"CI"
2016-09-07,410,0,0,10,0,0,"CI"
2016-09-08,10,0,0,0,0,0,"CI"
2016-09-09,100,0,0,0,0,0,"CI"
2016-09-10,25,0,0,5,0,0,"CI"
2016-09-11,0,0,0,0,0,0,"CI"
2016-09-12,0,0,0,0,0,0,"CI"
2016-09-13,0,0,0,0,0,0,"CI"
2016-09-14,0,0,0,0,0,0,"CI"
2016-09-15,5,0,0,0,0,0,"CI"
2016-09-16,0,0,0,0,0,0,"CI"
2016-09-17,5,0,0,0,0,0,"CI"
2016-09-18,15,0,0,0,0,0,"CI"
2016-09-19,0,0,0,0,0,0,"CI"
2016-09-20,0,0,0,10,0,0,"CI"
2016-09-21,5,0,0,0,0,0,"CI"
2016-09-22,0,0,0,0,0,0,"CI"
2016-09-23,5,0,0,0,0,0,"CI"
2016-09-24,5,0,0,0,0,0,"CI"
2016-09-25,0,0,0,0,0,0,"CI"
2016-09-26,0,0,0,0,0,0,"CI"
2016-09-27,10,0,0,0,0,0,"CI"
2016-09-28,0,0,0,0,0,0,"CI"
2016-09-29,0,0,0,0,0,0,"CI"
2016-09-30,0,10,0,0,0,0,"CI"
2016-10-01,10,65,0,0,0,0,"CI"
2016-10-02,0,40,0,0,0,0,"CI"
2016-10-03,10,105,0,0,0,0,"CI"
2016-10-04,5,95,0,0,0,0,"CI"
2016-10-05,5,35,0,0,0,0,"CI"
2016-10-06,0,0,0,0,0,0,"CI"
2016-10-07,0,55,0,0,0,0,"CI"
2016-10-08,5,125,0,0,0,0,"CI"
2016-10-09,0,105,0,0,0,0,"CI"
2016-10-10,0,150,0,0,0,0,"CI"
2016-10-11,0,40,0,0,0,0,"CI"
2016-10-12,0,175,0,0,0,0,"CI"
2016-10-13,0,75,0,0,0,0,"CI"
2016-10-14,0,0,0,0,0,0,"CI"
2016-10-15,10,0,0,0,0,0,"CI"
2016-10-16,0,0,0,0,0,0,"CI"
2016-10-17,0,0,0,0,0,0,"CI"
2016-10-18,0,0,0,0,0,0,"CI"
2016-10-19,0,0,0,0,0,0,"CI"
2016-10-20,10,0,0,0,0,0,"CI"
2016-10-21,20,0,0,0,0,0,"CI"
2016-10-22,25,0,0,0,0,0,"CI"
2016-10-23,5,0,0,0,0,0,"CI"
2016-10-24,5,0,0,0,0,0,"CI"
2016-10-25,5,0,0,0,0,0,"CI"
2016-10-26,0,0,0,0,0,0,"CI"
2016-10-27,0,0,0,0,0,0,"CI"
2016-10-28,0,0,0,0,0,0,"CI"
2016-10-29,0,0,0,0,0,0,"CI"
2016-10-30,5,0,0,0,0,0,"CI"
2016-10-31,5,0,0,0,0,0,"CI"
2016-11-01,0,0,0,0,0,0,"CI"
2016-11-02,0,0,0,0,0,0,"CI"
2016-11-03,0,0,0,0,0,0,"CI"
2016-11-04,0,0,0,0,0,0,"CI"
2016-11-05,0,0,0,0,0,0,"CI"
2016-11-06,0,0,0,0,0,0,"CI"
2016-11-07,0,0,0,0,0,0,"CI"
2016-11-08,20,0,0,0,0,0,"CI"
2016-11-09,5,0,0,0,0,0,"CI"
2016-11-10,0,0,0,0,0,0,"CI"
2016-11-11,5,0,0,0,0,0,"CI"
2016-11-12,5,45,0,0,0,0,"CI"
2016-11-13,0,85,0,0,10,0,"CI"
2016-11-14,0,15,0,0,10,0,"CI"
2016-11-15,0,0,0,0,15,0,"CI"
2016-11-16,0,30,0,0,5,0,"CI"
2016-11-17,0,35,0,0,0,0,"CI"
2016-11-18,0,60,0,0,0,0,"CI"
2016-11-19,0,0,0,0,0,0,"CI"
2016-11-20,0,55,0,0,0,0,"CI"
2016-11-21,0,40,0,0,0,0,"CI"
2016-11-22,0,15,0,0,0,0,"CI"
2016-11-23,0,20,0,0,0,0,"CI"
2016-11-24,0,0,0,0,0,0,"CI"
2016-11-25,0,50,25,0,0,0,"CI"
2016-11-26,0,60,0,0,0,0,"CI"
2016-11-27,0,50,0,0,0,0,"CI"
2016-11-28,0,120,0,0,5,0,"CI"
2016-11-29,0,485,0,0,0,0,"CI"
2016-11-30,0,370,0,0,0,0,"CI"
2016-12-01,0,85,0,0,0,0,"CI"
2016-12-02,0,5,0,0,0,0,"CI"
2014-03-05,0,0,0,0,0,0,"EI"
2014-03-06,0,0,0,0,0,0,"EI"
2014-03-07,0,0,0,0,0,0,"EI"
2014-03-08,0,0,0,0,10,0,"EI"
2014-03-09,0,15,0,0,25,0,"EI"
2014-03-10,0,0,0,0,5,0,"EI"
2014-03-11,0,0,0,0,0,0,"EI"
2014-03-12,0,0,0,0,5,0,"EI"
2014-03-13,0,0,0,0,0,0,"EI"
2014-03-14,0,10,0,0,0,0,"EI"
2014-03-15,0,15,0,0,0,0,"EI"
2014-03-16,0,0,0,0,0,0,"EI"
2014-03-17,0,0,0,0,5,0,"EI"
2014-03-18,0,0,0,0,0,0,"EI"
2014-03-19,0,0,0,0,30,20,"EI"
2014-03-20,0,0,0,0,0,0,"EI"
2014-03-21,0,0,0,0,10,0,"EI"
2014-03-22,0,0,0,0,10,0,"EI"
2014-03-23,0,0,0,0,0,0,"EI"
2014-03-24,0,0,55,0,0,0,"EI"
2014-03-25,0,20,0,0,0,0,"EI"
2014-03-26,0,0,0,0,0,0,"EI"
2014-03-27,0,5,0,0,0,0,"EI"
2014-03-28,0,0,0,0,0,0,"EI"
2014-03-29,0,25,0,0,10,0,"EI"
2014-03-30,0,10,0,0,0,0,"EI"
2014-03-31,0,0,0,0,0,0,"EI"
2014-04-01,0,0,0,0,0,0,"EI"
2014-04-02,0,0,0,0,0,0,"EI"
2014-04-03,0,5,0,0,0,0,"EI"
2014-04-04,0,0,15,0,0,0,"EI"
2014-04-05,0,0,0,0,0,0,"EI"
2014-04-06,0,0,0,0,0,0,"EI"
2014-04-07,0,0,0,0,0,0,"EI"
2014-04-08,0,10,0,0,0,0,"EI"
2014-04-09,0,0,0,0,0,0,"EI"
2014-04-10,0,25,0,0,0,0,"EI"
2014-04-11,0,0,0,0,0,0,"EI"
2014-04-12,0,0,0,0,0,0,"EI"
2014-04-13,5,0,0,0,0,0,"EI"
2014-04-14,0,0,0,0,0,0,"EI"
2014-04-15,0,0,0,10,0,0,"EI"
2014-04-16,0,0,0,0,0,0,"EI"
2014-04-17,0,0,0,10,0,0,"EI"
2014-04-18,0,0,0,0,0,0,"EI"
2014-04-19,0,70,0,0,10,0,"EI"
2014-04-20,0,65,0,5,0,0,"EI"
2014-04-21,0,45,0,0,0,0,"EI"
2014-04-22,0,120,0,0,0,0,"EI"
2014-04-23,125,155,0,0,0,0,"EI"
2014-04-24,80,80,0,0,10,0,"EI"
2014-04-25,235,0,0,0,0,0,"EI"
2014-04-26,220,0,0,0,0,0,"EI"
2014-04-27,145,0,0,0,0,0,"EI"
2014-04-28,1020,5,0,0,0,0,"EI"
2014-04-29,270,5,0,0,0,0,"EI"
2014-04-30,225,0,0,0,0,0,"EI"
2014-05-01,290,35,0,0,0,0,"EI"
2014-05-02,885,0,0,0,0,0,"EI"
2014-05-03,920,15,0,0,0,0,"EI"
2014-05-04,870,0,0,0,0,0,"EI"
2014-05-05,1000,0,0,10,0,0,"EI"
2014-05-06,325,0,0,0,0,0,"EI"
2014-05-07,555,0,0,0,0,0,"EI"
2014-05-08,25,0,0,15,10,0,"EI"
2014-05-09,75,0,0,0,40,0,"EI"
2014-05-10,650,0,0,0,0,0,"EI"
2014-05-11,400,0,0,0,30,0,"EI"
2014-05-12,400,0,0,5,15,0,"EI"
2014-05-13,245,0,0,0,35,0,"EI"
2014-05-14,700,0,0,0,10,0,"EI"
2014-05-15,320,0,0,0,15,0,"EI"
2014-05-16,200,0,35,0,10,0,"EI"
2014-05-17,280,10,0,0,0,0,"EI"
2014-05-18,10,0,0,0,0,0,"EI"
2014-05-19,160,30,0,20,10,0,"EI"
2014-05-20,180,0,0,25,0,0,"EI"
2014-05-21,180,0,0,40,0,0,"EI"
2014-05-22,0,5,0,45,5,0,"EI"
2014-05-23,25,0,0,0,0,0,"EI"
2014-05-24,65,0,0,15,0,0,"EI"
2014-05-25,90,5,0,10,15,0,"EI"
2014-05-26,20,0,0,20,0,0,"EI"
2014-05-27,405,0,0,0,0,0,"EI"
2014-05-28,140,0,0,20,0,0,"EI"
2014-05-29,170,25,0,0,0,0,"EI"
2014-05-30,110,0,0,0,15,0,"EI"
2014-05-31,190,5,120,0,10,0,"EI"
2014-06-01,105,0,0,0,0,0,"EI"
2014-06-02,330,0,0,0,0,0,"EI"
2014-06-03,390,25,0,0,0,0,"EI"
2014-06-04,0,0,0,0,0,0,"EI"
2014-06-05,610,0,0,65,0,0,"EI"
2014-06-06,115,10,0,0,0,0,"EI"
2014-06-07,80,0,0,0,10,0,"EI"
2014-06-08,30,0,0,0,0,0,"EI"
2014-06-09,0,20,0,0,0,0,"EI"
2014-06-10,80,100,0,0,0,0,"EI"
2014-06-11,50,85,0,15,0,0,"EI"
2014-06-12,5,0,0,0,0,0,"EI"
2014-06-13,0,0,0,0,0,0,"EI"
2014-06-14,0,0,0,0,0,0,"EI"
2014-06-15,0,0,0,0,0,0,"EI"
2014-06-16,5,0,0,0,0,0,"EI"
2014-06-17,0,0,0,60,0,0,"EI"
2014-06-18,10,0,0,45,0,0,"EI"
2014-06-19,5,60,0,45,0,0,"EI"
2014-06-20,0,90,0,100,0,0,"EI"
2014-06-21,5,145,0,85,0,0,"EI"
2014-06-22,0,60,0,45,0,0,"EI"
2014-06-23,0,115,0,60,0,0,"EI"
2014-06-24,0,160,30,110,0,0,"EI"
2014-06-25,0,130,0,5,0,0,"EI"
2014-06-26,0,135,0,30,0,0,"EI"
2014-06-27,65,90,0,85,0,0,"EI"
2014-06-28,85,45,0,10,0,0,"EI"
2014-06-29,0,185,0,75,0,0,"EI"
2014-06-30,5,155,0,60,0,0,"EI"
2014-07-01,10,310,0,15,0,0,"EI"
2014-07-02,140,75,0,85,0,0,"EI"
2014-07-03,10,175,0,85,0,0,"EI"
2014-07-04,20,195,0,45,0,0,"EI"
2014-07-05,20,20,0,55,0,0,"EI"
2014-07-06,10,115,0,65,0,0,"EI"
2014-07-07,0,60,0,5,10,0,"EI"
2014-07-08,0,0,0,165,0,0,"EI"
2014-07-09,75,0,0,140,0,0,"EI"
2014-07-10,0,10,0,140,0,0,"EI"
2014-07-11,0,115,0,95,0,0,"EI"
2014-07-12,5,100,0,35,0,0,"EI"
2014-07-13,5,25,0,50,0,0,"EI"
2014-07-14,0,30,0,55,10,0,"EI"
2014-07-15,35,40,0,30,0,0,"EI"
2014-07-16,0,0,0,270,0,0,"EI"
2014-07-17,0,30,0,35,10,0,"EI"
2015-02-10,0,0,0,0,0,0,"KGI"
2015-02-11,0,0,0,0,0,0,"KGI"
2015-02-12,0,0,0,10,15,0,"KGI"
2015-02-13,0,0,0,0,0,0,"KGI"
2015-02-14,0,0,0,0,0,0,"KGI"
2015-02-15,0,0,0,0,10,0,"KGI"
2015-02-16,0,0,0,0,0,0,"KGI"
2015-02-17,0,0,0,0,0,0,"KGI"
2015-02-18,0,0,0,0,0,0,"KGI"
2015-02-19,0,0,0,0,0,0,"KGI"
2015-02-20,0,5,0,0,0,0,"KGI"
2015-02-21,0,15,0,0,0,0,"KGI"
2015-02-22,0,5,0,0,0,0,"KGI"
2015-02-23,0,0,0,0,0,0,"KGI"
2015-02-24,0,0,0,0,0,0,"KGI"
2015-02-25,0,20,0,0,0,0,"KGI"
2015-02-26,0,0,0,0,5,0,"KGI"
2015-02-27,0,10,0,0,0,0,"KGI"
2015-02-28,0,10,0,0,0,0,"KGI"
2015-03-01,0,0,0,0,10,0,"KGI"
2015-03-02,0,0,0,0,0,0,"KGI"
2015-03-03,0,0,0,0,0,0,"KGI"
2015-03-04,0,10,0,0,0,0,"KGI"
2015-03-05,0,0,0,0,0,0,"KGI"
2015-03-06,0,0,0,0,0,0,"KGI"
2015-03-07,0,15,0,0,0,0,"KGI"
2015-03-08,0,0,0,0,0,0,"KGI"
2015-03-09,0,0,0,0,0,0,"KGI"
2015-03-10,0,0,0,0,15,0,"KGI"
2015-03-11,0,0,0,0,0,0,"KGI"
2015-03-12,0,0,0,0,0,0,"KGI"
2015-03-13,0,0,0,0,0,0,"KGI"
2015-03-14,0,0,0,0,0,0,"KGI"
2015-03-15,0,0,0,0,0,0,"KGI"
2015-03-16,0,0,0,5,0,0,"KGI"
2015-03-17,0,0,0,0,0,0,"KGI"
2015-03-18,0,0,0,0,0,0,"KGI"
2015-03-19,0,0,0,0,0,0,"KGI"
2015-03-20,0,10,0,0,0,0,"KGI"
2015-03-21,0,0,0,0,0,0,"KGI"
2015-03-22,0,0,0,0,0,0,"KGI"
2015-03-23,0,5,0,0,0,0,"KGI"
2015-03-24,0,0,0,0,0,0,"KGI"
2015-03-25,0,0,0,0,0,0,"KGI"
2015-03-26,0,0,0,0,0,0,"KGI"
2015-03-27,0,0,0,0,0,0,"KGI"
2015-03-28,0,0,0,0,0,0,"KGI"
2015-03-29,0,0,0,0,0,0,"KGI"
2015-03-30,0,0,0,0,5,0,"KGI"
2015-03-31,0,5,0,0,0,0,"KGI"
2015-04-01,0,0,0,0,0,0,"KGI"
2015-04-02,0,0,0,0,0,0,"KGI"
2015-04-03,0,0,0,0,0,0,"KGI"
2015-04-04,0,0,0,0,0,0,"KGI"
2015-04-05,0,0,0,0,0,0,"KGI"
2015-04-06,0,0,0,0,0,0,"KGI"
2015-04-07,0,30,0,0,0,0,"KGI"
2015-04-08,0,5,0,0,10,0,"KGI"
2015-04-09,0,5,0,5,0,0,"KGI"
2015-04-10,0,0,0,0,0,0,"KGI"
2015-04-11,0,0,0,5,0,0,"KGI"
2015-04-12,0,0,0,0,15,0,"KGI"
2015-04-13,0,10,0,0,0,0,"KGI"
2015-04-14,0,0,0,10,0,0,"KGI"
2015-04-15,0,5,0,0,0,0,"KGI"
2015-04-16,0,0,0,0,0,0,"KGI"
2015-04-17,0,0,0,0,0,0,"KGI"
2015-04-18,0,10,0,0,5,0,"KGI"
2015-04-19,0,0,0,0,0,0,"KGI"
2015-04-20,0,10,0,0,0,0,"KGI"
2015-04-21,0,0,0,0,0,0,"KGI"
2015-04-22,0,0,0,0,0,0,"KGI"
2015-04-23,0,0,0,0,0,0,"KGI"
2015-04-24,0,0,0,0,0,0,"KGI"
2015-04-25,0,0,0,0,0,0,"KGI"
2015-04-26,0,30,0,0,0,0,"KGI"
2015-04-27,0,0,0,0,0,0,"KGI"
2015-04-28,0,5,0,0,0,0,"KGI"
2015-04-29,0,0,0,0,0,0,"KGI"
2015-04-30,0,0,0,0,5,0,"KGI"
2015-05-01,0,0,0,0,0,0,"KGI"
2015-05-02,0,0,0,0,0,0,"KGI"
2015-05-03,0,0,0,0,0,0,"KGI"
2015-05-04,0,0,0,0,0,0,"KGI"
2015-05-05,0,0,0,15,0,0,"KGI"
2015-05-06,0,0,0,0,0,0,"KGI"
2015-05-07,0,0,0,15,0,0,"KGI"
2015-05-08,0,0,0,0,0,0,"KGI"
2015-05-09,0,0,0,50,5,0,"KGI"
2015-05-10,0,0,0,0,5,0,"KGI"
2015-05-11,0,5,0,20,25,0,"KGI"
2015-05-12,0,0,0,0,5,0,"KGI"
2015-05-13,0,0,0,0,0,0,"KGI"
2015-05-14,0,0,0,10,0,0,"KGI"
2015-05-15,0,0,0,15,0,0,"KGI"
2015-05-16,0,0,0,0,0,0,"KGI"
2015-05-17,0,20,0,45,0,0,"KGI"
2015-05-18,0,0,0,35,0,0,"KGI"
2015-05-19,0,0,0,0,0,0,"KGI"
2015-05-20,0,0,0,0,10,0,"KGI"
2015-05-21,0,5,0,25,5,0,"KGI"
2015-05-22,0,0,0,0,0,0,"KGI"
2015-05-23,0,0,0,0,0,0,"KGI"
2015-05-24,0,0,0,15,0,0,"KGI"
2015-05-25,0,0,0,0,0,0,"KGI"
2015-05-26,0,0,30,0,0,0,"KGI"
2015-05-27,0,0,0,0,0,0,"KGI"
2015-05-28,0,0,0,0,0,0,"KGI"
2015-05-29,0,0,0,0,0,0,"KGI"
2015-05-30,0,0,0,0,0,0,"KGI"
2015-05-31,0,0,0,0,0,0,"KGI"
2015-06-01,0,0,0,15,0,0,"KGI"
2015-06-02,0,0,0,0,5,0,"KGI"
2015-06-03,0,0,0,30,0,0,"KGI"
2015-06-04,0,0,0,0,0,0,"KGI"
2015-06-05,0,0,0,0,0,0,"KGI"
2015-06-06,0,0,0,35,0,0,"KGI"
2015-06-07,0,0,0,0,0,0,"KGI"
2015-06-08,0,5,0,0,0,0,"KGI"
2015-06-09,0,0,0,5,0,0,"KGI"
2015-06-10,0,0,0,10,10,0,"KGI"
2015-06-11,0,0,0,10,0,0,"KGI"
2015-06-12,0,5,0,15,0,0,"KGI"
2015-06-13,0,5,0,40,0,0,"KGI"
2015-06-14,0,0,0,20,0,0,"KGI"
2015-06-15,0,0,0,45,0,0,"KGI"
2015-06-16,0,0,0,0,0,0,"KGI"
2015-06-17,0,0,0,0,0,0,"KGI"
2015-06-18,0,0,0,0,0,0,"KGI"
2015-06-19,0,0,0,25,0,0,"KGI"
2015-06-20,0,0,0,0,0,0,"KGI"
2015-06-21,0,0,0,25,0,0,"KGI"
2015-06-22,0,0,0,0,0,0,"KGI"
2015-06-23,0,5,0,0,0,0,"KGI"
2015-06-24,0,0,0,0,0,0,"KGI"
2015-06-25,0,0,0,0,10,0,"KGI"
2015-06-26,0,0,0,0,0,0,"KGI"
2015-06-27,0,0,0,15,0,0,"KGI"
2015-06-28,0,0,0,15,0,0,"KGI"
2015-06-29,0,0,0,5,0,0,"KGI"
2015-06-30,0,0,0,0,0,0,"KGI"
2015-07-01,0,0,0,0,0,0,"KGI"
2015-07-02,0,0,10,0,0,0,"KGI"
2015-07-03,0,0,0,0,0,0,"KGI"
2015-07-04,0,0,0,0,0,0,"KGI"
2015-07-05,0,0,0,0,0,0,"KGI"
2015-07-06,0,0,0,0,0,0,"KGI"
2015-07-07,0,0,0,0,0,0,"KGI"
2015-07-08,0,0,0,0,0,0,"KGI"
2015-07-09,0,0,0,0,0,0,"KGI"
2015-07-10,0,0,0,0,0,0,"KGI"
2015-07-11,0,0,0,0,0,0,"KGI"
2015-07-12,0,0,0,0,0,0,"KGI"
2015-07-13,0,0,0,0,0,0,"KGI"
2015-07-14,0,0,0,0,0,0,"KGI"
2015-07-15,0,0,0,0,0,0,"KGI"
2015-07-16,0,0,0,0,0,0,"KGI"
2015-07-17,0,0,0,0,0,0,"KGI"
2015-07-18,0,0,0,0,0,0,"KGI"
2015-07-19,0,0,0,0,0,0,"KGI"
2015-07-20,0,0,0,0,0,0,"KGI"
2015-07-21,0,0,0,0,0,0,"KGI"
2015-07-22,0,0,0,0,0,0,"KGI"
2015-07-23,0,0,0,0,0,0,"KGI"
2015-07-24,0,0,0,0,0,0,"KGI"
2015-07-25,0,0,0,0,0,0,"KGI"
2015-07-26,0,0,0,0,0,0,"KGI"
2015-07-27,0,0,0,0,0,0,"KGI"
2015-07-28,0,0,0,0,0,0,"KGI"
2015-07-29,0,0,0,0,0,0,"KGI"
2015-07-30,0,0,0,0,0,0,"KGI"
2015-07-31,0,0,0,0,0,0,"KGI"
2015-08-01,0,0,0,0,0,0,"KGI"
2015-08-02,0,0,0,0,0,0,"KGI"
2015-08-03,0,0,0,0,0,0,"KGI"
2015-08-04,0,0,0,0,0,0,"KGI"
2015-08-05,0,0,0,0,0,0,"KGI"
2015-08-06,0,0,0,0,0,0,"KGI"
2015-08-07,0,0,0,0,0,0,"KGI"
2015-08-08,0,0,0,0,0,0,"KGI"
2015-08-09,0,0,0,0,0,0,"KGI"
2015-08-10,0,0,0,0,0,0,"KGI"
2015-08-11,0,0,0,0,0,0,"KGI"
2015-08-12,0,0,0,0,0,0,"KGI"
2015-08-13,0,0,0,0,0,0,"KGI"
2015-08-14,0,0,0,0,0,0,"KGI"
2015-08-15,0,0,0,0,0,0,"KGI"
2015-08-16,0,0,0,0,0,0,"KGI"
2015-08-17,0,0,0,0,0,0,"KGI"
2015-08-18,0,0,0,0,0,0,"KGI"
2015-08-19,0,0,0,0,0,0,"KGI"
2015-08-20,0,0,0,0,0,0,"KGI"
2015-08-21,0,0,0,0,0,0,"KGI"
2015-08-22,0,0,0,0,0,0,"KGI"
2015-08-23,0,0,0,0,0,0,"KGI"
2015-08-24,0,0,0,0,0,0,"KGI"
2015-08-25,0,0,0,0,0,0,"KGI"
2015-08-26,0,0,0,0,0,0,"KGI"
2015-08-27,0,0,0,0,0,0,"KGI"
2015-08-28,0,0,0,0,0,0,"KGI"
2015-08-29,0,0,0,0,0,0,"KGI"
2015-08-30,0,0,0,0,0,0,"KGI"
2015-08-31,0,0,0,0,0,0,"KGI"
2015-09-01,0,0,0,0,0,0,"KGI"
2015-09-02,0,0,0,0,0,0,"KGI"
2015-09-03,0,0,0,0,0,0,"KGI"
2015-09-04,0,0,0,0,0,0,"KGI"
2015-09-05,0,0,0,0,0,0,"KGI"
2015-09-06,0,0,0,0,0,0,"KGI"
2015-09-07,0,0,0,0,0,0,"KGI"
2015-09-08,0,0,0,0,0,0,"KGI"
2015-09-09,0,0,0,0,0,0,"KGI"
2015-09-10,0,0,0,0,0,0,"KGI"
2015-09-11,0,0,0,0,0,0,"KGI"
2015-09-12,0,0,0,0,0,0,"KGI"
2015-09-13,0,0,0,0,0,0,"KGI"
2015-09-14,0,0,0,0,0,0,"KGI"
2015-09-15,0,0,0,0,0,0,"KGI"
2015-09-16,0,0,0,0,0,0,"KGI"
2015-09-17,0,0,0,0,0,0,"KGI"
2015-09-18,0,0,0,0,0,0,"KGI"
2015-09-19,0,0,0,0,0,0,"KGI"
2015-09-20,0,0,0,0,0,0,"KGI"
2015-09-21,0,0,0,0,0,0,"KGI"
2015-09-22,0,0,0,0,0,0,"KGI"
2015-09-23,0,0,0,0,0,0,"KGI"
2015-09-24,0,0,0,0,0,0,"KGI"
2015-09-25,0,0,0,0,0,0,"KGI"
2015-09-26,0,0,0,0,0,0,"KGI"
2015-09-27,0,0,0,0,0,0,"KGI"
2015-09-28,0,0,0,0,0,0,"KGI"
2015-09-29,0,0,0,0,0,0,"KGI"
2015-09-30,0,0,0,0,0,0,"KGI"
2015-10-01,0,0,0,0,0,0,"KGI"
2015-10-02,0,0,0,0,0,0,"KGI"
2015-10-03,0,0,0,0,0,0,"KGI"
2015-10-04,0,0,0,0,0,0,"KGI"
2015-10-05,0,0,30,0,0,0,"KGI"
2015-10-06,0,0,0,0,0,0,"KGI"
2015-10-07,0,0,0,0,0,0,"KGI"
2015-10-08,0,0,0,0,0,0,"KGI"
2015-10-09,0,0,0,0,0,0,"KGI"
2015-10-10,0,0,0,0,0,0,"KGI"
2015-10-11,0,0,0,0,0,0,"KGI"
2015-10-12,0,0,0,0,0,0,"KGI"
2015-10-13,0,0,0,0,0,0,"KGI"
2015-10-14,0,0,0,0,0,0,"KGI"
2015-10-15,0,0,0,0,0,0,"KGI"
2015-10-16,0,0,0,0,0,0,"KGI"
2015-10-17,0,0,0,0,0,0,"KGI"
2015-10-18,0,0,0,0,0,0,"KGI"
2015-10-19,0,0,0,0,0,0,"KGI"
2015-10-20,0,0,0,0,0,0,"KGI"
2015-10-21,0,0,0,0,0,0,"KGI"
2015-10-22,0,0,0,0,0,0,"KGI"
2015-10-23,0,0,0,0,0,0,"KGI"
2015-10-24,0,0,0,0,0,0,"KGI"
2015-10-25,0,0,0,0,0,0,"KGI"
2015-10-26,0,0,0,0,0,0,"KGI"
2015-10-27,0,0,0,0,0,0,"KGI"
2015-10-28,0,0,0,0,0,0,"KGI"
2015-10-29,0,0,0,0,0,0,"KGI"
2015-10-30,0,0,0,0,0,0,"KGI"
2015-10-31,0,0,0,0,0,0,"KGI"
2015-11-01,0,0,0,0,0,0,"KGI"
2015-11-02,0,0,0,0,0,0,"KGI"
2015-11-03,0,0,0,0,0,0,"KGI"
2015-11-04,0,0,0,0,0,0,"KGI"
2015-11-05,0,0,0,0,25,0,"KGI"
2015-11-06,0,0,0,0,5,0,"KGI"
2015-11-07,0,0,0,0,0,0,"KGI"
2015-11-08,0,0,0,0,0,0,"KGI"
2015-11-09,0,0,0,0,10,0,"KGI"
2015-11-10,0,0,0,0,0,0,"KGI"
2015-11-11,0,0,0,0,0,0,"KGI"
2015-11-12,0,0,0,0,0,0,"KGI"
2015-11-13,0,0,0,0,5,0,"KGI"
2015-11-14,0,0,0,0,0,0,"KGI"
2015-11-15,0,0,0,0,10,0,"KGI"
2015-11-16,0,0,0,0,10,0,"KGI"
2015-11-17,0,0,0,0,5,0,"KGI"
2015-11-18,0,0,0,0,10,0,"KGI"
2015-11-19,0,0,0,0,5,0,"KGI"
2015-11-20,0,0,0,0,20,0,"KGI"
2015-11-21,0,0,0,0,40,0,"KGI"
2015-11-22,0,0,0,0,20,0,"KGI"
2015-11-23,0,0,0,0,0,0,"KGI"
2015-11-24,0,0,0,0,10,0,"KGI"
2015-11-25,0,0,0,0,10,0,"KGI"
2015-11-26,0,0,0,0,10,0,"KGI"
2015-11-27,0,0,0,0,25,0,"KGI"
2015-11-28,0,0,0,5,20,0,"KGI"
2015-11-29,0,0,0,0,20,0,"KGI"
2015-11-30,0,0,0,0,5,0,"KGI"
2015-12-01,0,0,0,0,10,0,"KGI"
2015-12-02,0,0,0,0,5,0,"KGI"
2015-12-03,0,0,0,0,0,0,"KGI"
2015-12-04,0,0,0,0,0,0,"KGI"
2015-12-05,0,0,0,0,0,0,"KGI"
2015-12-06,0,0,0,0,0,0,"KGI"
2015-12-07,0,0,0,0,0,0,"KGI"
2015-12-08,0,0,0,0,0,15,"KGI"
2015-12-09,0,0,0,0,5,0,"KGI"
2015-12-10,0,0,0,0,5,5,"KGI"
2015-12-11,0,0,0,0,0,0,"KGI"
2015-12-12,0,0,0,0,20,0,"KGI"
2015-12-13,0,0,0,0,15,0,"KGI"
2015-12-14,0,0,0,0,5,0,"KGI"
2015-12-15,0,0,0,0,5,0,"KGI"
2015-12-16,0,0,0,0,0,0,"KGI"
2015-12-17,0,0,0,0,0,0,"KGI"
2015-12-18,0,0,0,0,10,0,"KGI"
2015-12-19,0,0,0,0,0,0,"KGI"
2015-12-20,0,0,0,0,0,0,"KGI"
2015-12-21,0,0,0,0,0,0,"KGI"
2015-12-22,0,0,0,0,0,0,"KGI"
2015-12-23,0,0,0,0,0,0,"KGI"
2015-12-24,0,0,0,0,0,0,"KGI"
2015-12-25,0,0,0,0,5,0,"KGI"
2015-12-26,0,0,0,0,15,0,"KGI"
2015-12-27,0,0,0,0,0,0,"KGI"
2015-12-28,0,0,0,0,0,0,"KGI"
2015-12-29,0,0,0,0,0,0,"KGI"
2015-12-30,0,0,0,0,0,0,"KGI"
2015-12-31,0,0,0,0,0,0,"KGI"
2016-01-01,0,0,0,0,0,0,"KGI"
2016-01-02,0,0,0,0,0,0,"KGI"
2016-01-03,0,0,0,0,0,0,"KGI"
2016-01-04,0,0,0,0,0,0,"KGI"
2016-01-05,0,0,0,0,0,0,"KGI"
2016-01-06,0,0,0,0,0,0,"KGI"
2016-01-07,0,0,0,0,0,0,"KGI"
2016-01-08,0,0,0,0,0,0,"KGI"
2016-01-09,0,0,0,0,0,0,"KGI"
2016-01-10,0,0,0,0,0,0,"KGI"
2016-01-11,0,0,0,0,0,0,"KGI"
2016-01-12,0,0,0,30,0,0,"KGI"
2016-01-13,0,0,0,0,0,0,"KGI"
2016-01-14,0,0,0,0,0,0,"KGI"
2016-01-15,0,0,0,0,5,0,"KGI"
2016-01-16,0,0,0,0,0,0,"KGI"
2016-01-17,0,0,0,0,0,0,"KGI"
2016-01-18,0,0,0,0,0,0,"KGI"
2016-01-19,0,0,0,0,0,0,"KGI"
2016-01-20,0,0,0,0,0,0,"KGI"
2016-01-21,0,0,0,0,0,0,"KGI"
2016-01-22,0,0,0,0,0,0,"KGI"
2016-01-23,0,0,0,0,0,0,"KGI"
2016-01-24,0,0,0,0,0,0,"KGI"
2016-01-25,0,0,0,0,0,0,"KGI"
2016-01-26,0,0,0,0,0,0,"KGI"
2016-01-27,0,0,0,0,0,0,"KGI"
2016-01-28,0,0,0,0,0,0,"KGI"
2016-01-29,0,0,0,0,0,0,"KGI"
